ID,Label,index(i7),index2 workflow a(i5),index2 workflow b(i5),Code,Description
,SI-TT-A1,GTAACATGCG,AGTGTTACCT,AGGTAACACT,,"10x Dual Index TT Set A. Used with 10xV3.1, 10xV3.1_HT, and 10xMultiome;GEX"
,SI-TT-A2,GTGGATCAAA,GCCAACCCTG,CAGGGTTGGC,,"10x Dual Index TT Set A. Used with 10xV3.1, 10xV3.1_HT, and 10xMultiome;GEX"
,SI-TT-A3,CACTACGAAA,TTAGACTGAT,ATCAGTCTAA,,"10x Dual Index TT Set A. Used with 10xV3.1, 10xV3.1_HT, and 10xMultiome;GEX"
,SI-TT-A4,CTCTAGCGAG,TATCTTCATC,GATGAAGATA,,"10x Dual Index TT Set A. Used with 10xV3.1, 10xV3.1_HT, and 10xMultiome;GEX"
,SI-TT-A5,GTAGCCCTGT,GAGCATCTAT,ATAGATGCTC,,"10x Dual Index TT Set A. Used with 10xV3.1, 10xV3.1_HT, and 10xMultiome;GEX"
,SI-TT-A6,TAACGCGTGA,CCCTAACTTC,GAAGTTAGGG,,"10x Dual Index TT Set A. Used with 10xV3.1, 10xV3.1_HT, and 10xMultiome;GEX"
,SI-TT-A7,TCCCAAGGGT,TACTACCTTT,AAAGGTAGTA,,"10x Dual Index TT Set A. Used with 10xV3.1, 10xV3.1_HT, and 10xMultiome;GEX"
,SI-TT-A8,CGAAGTATAC,GAACTTGGAG,CTCCAAGTTC,,"10x Dual Index TT Set A. Used with 10xV3.1, 10xV3.1_HT, and 10xMultiome;GEX"
,SI-TT-A9,AAGTGGAGAG,TTCCTGTTAC,GTAACAGGAA,,"10x Dual Index TT Set A. Used with 10xV3.1, 10xV3.1_HT, and 10xMultiome;GEX"
,SI-TT-A10,CGTGACATGC,ATGGTCTAAA,TTTAGACCAT,,"10x Dual Index TT Set A. Used with 10xV3.1, 10xV3.1_HT, and 10xMultiome;GEX"
,SI-TT-A11,CGGAACCCAA,GATTCGAGGA,TCCTCGAATC,,"10x Dual Index TT Set A. Used with 10xV3.1, 10xV3.1_HT, and 10xMultiome;GEX"
,SI-TT-A12,CACCGCACCA,GACTGTCAAT,ATTGACAGTC,,"10x Dual Index TT Set A. Used with 10xV3.1, 10xV3.1_HT, and 10xMultiome;GEX"
,SI-TT-B1,ACAGTAACTA,ACAGTTCGTT,AACGAACTGT,,"10x Dual Index TT Set A. Used with 10xV3.1, 10xV3.1_HT, and 10xMultiome;GEX"
,SI-TT-B2,TCTACCATTT,CGGGAGAGTC,GACTCTCCCG,,"10x Dual Index TT Set A. Used with 10xV3.1, 10xV3.1_HT, and 10xMultiome;GEX"
,SI-TT-B3,CACGGTGAAT,GTTCGTCACA,TGTGACGAAC,,"10x Dual Index TT Set A. Used with 10xV3.1, 10xV3.1_HT, and 10xMultiome;GEX"
,SI-TT-B4,GTAGACGAAA,CTAGTGTGGT,ACCACACTAG,,"10x Dual Index TT Set A. Used with 10xV3.1, 10xV3.1_HT, and 10xMultiome;GEX"
,SI-TT-B5,TCGGCTCTAC,CCGATGGTCT,AGACCATCGG,,"10x Dual Index TT Set A. Used with 10xV3.1, 10xV3.1_HT, and 10xMultiome;GEX"
,SI-TT-B6,AATGCCATGA,TACGTAATGC,GCATTACGTA,,"10x Dual Index TT Set A. Used with 10xV3.1, 10xV3.1_HT, and 10xMultiome;GEX"
,SI-TT-B7,GCCTTCGGTA,CCAACGATTT,AAATCGTTGG,,"10x Dual Index TT Set A. Used with 10xV3.1, 10xV3.1_HT, and 10xMultiome;GEX"
,SI-TT-B8,GCACTGAGAA,TATGCGTGAA,TTCACGCATA,,"10x Dual Index TT Set A. Used with 10xV3.1, 10xV3.1_HT, and 10xMultiome;GEX"
,SI-TT-B9,TATTGAGGCA,CAGGTAAGTG,CACTTACCTG,,"10x Dual Index TT Set A. Used with 10xV3.1, 10xV3.1_HT, and 10xMultiome;GEX"
,SI-TT-B10,GCCCGATGGA,AATCGTCTAG,CTAGACGATT,,"10x Dual Index TT Set A. Used with 10xV3.1, 10xV3.1_HT, and 10xMultiome;GEX"
,SI-TT-B11,TCTTACTTGC,TGACCTCTAG,CTAGAGGTCA,,"10x Dual Index TT Set A. Used with 10xV3.1, 10xV3.1_HT, and 10xMultiome;GEX"
,SI-TT-B12,CGTCAAGGGC,TAGGTCACTC,GAGTGACCTA,,"10x Dual Index TT Set A. Used with 10xV3.1, 10xV3.1_HT, and 10xMultiome;GEX"
,SI-TT-C1,TGCGCGGTTT,CAAGGATAAA,TTTATCCTTG,,"10x Dual Index TT Set A. Used with 10xV3.1, 10xV3.1_HT, and 10xMultiome;GEX"
,SI-TT-C2,CAATCCCGAC,CCGAGTAGTA,TACTACTCGG,,"10x Dual Index TT Set A. Used with 10xV3.1, 10xV3.1_HT, and 10xMultiome;GEX"
,SI-TT-C3,ATGGCTTGTG,GAATGTTGTG,CACAACATTC,,"10x Dual Index TT Set A. Used with 10xV3.1, 10xV3.1_HT, and 10xMultiome;GEX"
,SI-TT-C4,TTCTCGATGA,TGTCGGGCAC,GTGCCCGACA,,"10x Dual Index TT Set A. Used with 10xV3.1, 10xV3.1_HT, and 10xMultiome;GEX"
,SI-TT-C5,TCCGTTGGAT,ACGTTCTCGC,GCGAGAACGT,,"10x Dual Index TT Set A. Used with 10xV3.1, 10xV3.1_HT, and 10xMultiome;GEX"
,SI-TT-C6,ACGACTACCA,ACGACCCTAA,TTAGGGTCGT,,"10x Dual Index TT Set A. Used with 10xV3.1, 10xV3.1_HT, and 10xMultiome;GEX"
,SI-TT-C7,CGCGCACTTA,CCTGTATTCT,AGAATACAGG,,"10x Dual Index TT Set A. Used with 10xV3.1, 10xV3.1_HT, and 10xMultiome;GEX"
,SI-TT-C8,GCTACAAAGC,CACGTGCCCT,AGGGCACGTG,,"10x Dual Index TT Set A. Used with 10xV3.1, 10xV3.1_HT, and 10xMultiome;GEX"
,SI-TT-C9,TATCAGCCTA,GTTTCGTCCT,AGGACGAAAC,,"10x Dual Index TT Set A. Used with 10xV3.1, 10xV3.1_HT, and 10xMultiome;GEX"
,SI-TT-C10,AGAATGGTTT,GAGGGTGGGA,TCCCACCCTC,,"10x Dual Index TT Set A. Used with 10xV3.1, 10xV3.1_HT, and 10xMultiome;GEX"
,SI-TT-C11,ATGGGTGAAA,CTTGGGAATT,AATTCCCAAG,,"10x Dual Index TT Set A. Used with 10xV3.1, 10xV3.1_HT, and 10xMultiome;GEX"
,SI-TT-C12,TCGTCAAGAT,GCAACTCAGG,CCTGAGTTGC,,"10x Dual Index TT Set A. Used with 10xV3.1, 10xV3.1_HT, and 10xMultiome;GEX"
,SI-TT-D1,TGCAATGTTC,GCTTGTCGAA,TTCGACAAGC,,"10x Dual Index TT Set A. Used with 10xV3.1, 10xV3.1_HT, and 10xMultiome;GEX"
,SI-TT-D2,TTAATACGCG,CACCTCGGGT,ACCCGAGGTG,,"10x Dual Index TT Set A. Used with 10xV3.1, 10xV3.1_HT, and 10xMultiome;GEX"
,SI-TT-D3,CCTTCTAGAG,AATACAACGA,TCGTTGTATT,,"10x Dual Index TT Set A. Used with 10xV3.1, 10xV3.1_HT, and 10xMultiome;GEX"
,SI-TT-D4,GCAGTATAGG,TTCCGTGCAC,GTGCACGGAA,,"10x Dual Index TT Set A. Used with 10xV3.1, 10xV3.1_HT, and 10xMultiome;GEX"
,SI-TT-D5,TGGTTCGGGT,GTGGCAGGAG,CTCCTGCCAC,,"10x Dual Index TT Set A. Used with 10xV3.1, 10xV3.1_HT, and 10xMultiome;GEX"
,SI-TT-D6,CCCAGCTTCT,GACACCAAAC,GTTTGGTGTC,,"10x Dual Index TT Set A. Used with 10xV3.1, 10xV3.1_HT, and 10xMultiome;GEX"
,SI-TT-D7,CCTGTCAGGG,AGCCCGTAAC,GTTACGGGCT,,"10x Dual Index TT Set A. Used with 10xV3.1, 10xV3.1_HT, and 10xMultiome;GEX"
,SI-TT-D8,CGCTGAAATC,AGGTGTCTGC,GCAGACACCT,,"10x Dual Index TT Set A. Used with 10xV3.1, 10xV3.1_HT, and 10xMultiome;GEX"
,SI-TT-D9,TGGTCCCAAG,CCTCTGGCGT,ACGCCAGAGG,,"10x Dual Index TT Set A. Used with 10xV3.1, 10xV3.1_HT, and 10xMultiome;GEX"
,SI-TT-D10,ATGCGAATGG,ACAAGTGTCG,CGACACTTGT,,"10x Dual Index TT Set A. Used with 10xV3.1, 10xV3.1_HT, and 10xMultiome;GEX"
,SI-TT-D11,CGAATATTCG,CTGGAAGCAA,TTGCTTCCAG,,"10x Dual Index TT Set A. Used with 10xV3.1, 10xV3.1_HT, and 10xMultiome;GEX"
,SI-TT-D12,GAATTGGTTA,ACTCTAGTAG,CTACTAGAGT,,"10x Dual Index TT Set A. Used with 10xV3.1, 10xV3.1_HT, and 10xMultiome;GEX"
,SI-TT-E1,TTATTCGAGG,CTGTCCTGCT,AGCAGGACAG,,"10x Dual Index TT Set A. Used with 10xV3.1, 10xV3.1_HT, and 10xMultiome;GEX"
,SI-TT-E2,ATGGAGGGAG,ATAACCCATT,AATGGGTTAT,,"10x Dual Index TT Set A. Used with 10xV3.1, 10xV3.1_HT, and 10xMultiome;GEX"
,SI-TT-E3,ACCAGACAAC,AGGAACTAGG,CCTAGTTCCT,,"10x Dual Index TT Set A. Used with 10xV3.1, 10xV3.1_HT, and 10xMultiome;GEX"
,SI-TT-E4,AACCACGCAT,ATTCAGGTTA,TAACCTGAAT,,"10x Dual Index TT Set A. Used with 10xV3.1, 10xV3.1_HT, and 10xMultiome;GEX"
,SI-TT-E5,CGCGGTAGGT,CAGGATGTTG,CAACATCCTG,,"10x Dual Index TT Set A. Used with 10xV3.1, 10xV3.1_HT, and 10xMultiome;GEX"
,SI-TT-E6,TTGAGAGTCA,AACCTGGTAG,CTACCAGGTT,,"10x Dual Index TT Set A. Used with 10xV3.1, 10xV3.1_HT, and 10xMultiome;GEX"
,SI-TT-E7,GTCCTTCGGC,TCATGCACAG,CTGTGCATGA,,"10x Dual Index TT Set A. Used with 10xV3.1, 10xV3.1_HT, and 10xMultiome;GEX"
,SI-TT-E8,GAGCAAGGGC,ATTGACTTGG,CCAAGTCAAT,,"10x Dual Index TT Set A. Used with 10xV3.1, 10xV3.1_HT, and 10xMultiome;GEX"
,SI-TT-E9,TGTCCCAACG,TCGATGTCCA,TGGACATCGA,,"10x Dual Index TT Set A. Used with 10xV3.1, 10xV3.1_HT, and 10xMultiome;GEX"
,SI-TT-E10,CACAATCCCA,ATATCCACAA,TTGTGGATAT,,"10x Dual Index TT Set A. Used with 10xV3.1, 10xV3.1_HT, and 10xMultiome;GEX"
,SI-TT-E11,TCCGGGACAA,GTGAATGCCA,TGGCATTCAC,,"10x Dual Index TT Set A. Used with 10xV3.1, 10xV3.1_HT, and 10xMultiome;GEX"
,SI-TT-E12,CGTCCACCTG,CATTCATGAC,GTCATGAATG,,"10x Dual Index TT Set A. Used with 10xV3.1, 10xV3.1_HT, and 10xMultiome;GEX"
,SI-TT-F1,AAGATTGGAT,AGCGGGATTT,AAATCCCGCT,,"10x Dual Index TT Set A. Used with 10xV3.1, 10xV3.1_HT, and 10xMultiome;GEX"
,SI-TT-F2,AAGGGCCGCA,CTGATTCCTC,GAGGAATCAG,,"10x Dual Index TT Set A. Used with 10xV3.1, 10xV3.1_HT, and 10xMultiome;GEX"
,SI-TT-F3,GAGAGGATAT,TTGAAATGGG,CCCATTTCAA,,"10x Dual Index TT Set A. Used with 10xV3.1, 10xV3.1_HT, and 10xMultiome;GEX"
,SI-TT-F4,CCCACCACAA,ACCTCCGCTT,AAGCGGAGGT,,"10x Dual Index TT Set A. Used with 10xV3.1, 10xV3.1_HT, and 10xMultiome;GEX"
,SI-TT-F5,CGGCTGGATG,TGATAAGCAC,GTGCTTATCA,,"10x Dual Index TT Set A. Used with 10xV3.1, 10xV3.1_HT, and 10xMultiome;GEX"
,SI-TT-F6,TTGCCCGTGC,GCGTGAGATT,AATCTCACGC,,"10x Dual Index TT Set A. Used with 10xV3.1, 10xV3.1_HT, and 10xMultiome;GEX"
,SI-TT-F7,AATGTATCCA,AATGAGCTTA,TAAGCTCATT,,"10x Dual Index TT Set A. Used with 10xV3.1, 10xV3.1_HT, and 10xMultiome;GEX"
,SI-TT-F8,CTCCTTTAGA,GACATAGCTC,GAGCTATGTC,,"10x Dual Index TT Set A. Used with 10xV3.1, 10xV3.1_HT, and 10xMultiome;GEX"
,SI-TT-F9,GTCCCATCAA,CGAACGTGAC,GTCACGTTCG,,"10x Dual Index TT Set A. Used with 10xV3.1, 10xV3.1_HT, and 10xMultiome;GEX"
,SI-TT-F10,CCGGCAACTG,CGGTTTAACA,TGTTAAACCG,,"10x Dual Index TT Set A. Used with 10xV3.1, 10xV3.1_HT, and 10xMultiome;GEX"
,SI-TT-F11,TTCACACCTT,TAGTGTACAC,GTGTACACTA,,"10x Dual Index TT Set A. Used with 10xV3.1, 10xV3.1_HT, and 10xMultiome;GEX"
,SI-TT-F12,GAGACGCACG,CTATGAACAT,ATGTTCATAG,,"10x Dual Index TT Set A. Used with 10xV3.1, 10xV3.1_HT, and 10xMultiome;GEX"
,SI-TT-G1,TGTAGTCATT,CTTGATCGTA,TACGATCAAG,,"10x Dual Index TT Set A. Used with 10xV3.1, 10xV3.1_HT, and 10xMultiome;GEX"
,SI-TT-G2,CATGTGGGTT,GATTCCTTTA,TAAAGGAATC,,"10x Dual Index TT Set A. Used with 10xV3.1, 10xV3.1_HT, and 10xMultiome;GEX"
,SI-TT-G3,ATGACGTCGC,AGGTCAGGAT,ATCCTGACCT,,"10x Dual Index TT Set A. Used with 10xV3.1, 10xV3.1_HT, and 10xMultiome;GEX"
,SI-TT-G4,GCGCTTATGG,GCCTGGCTAG,CTAGCCAGGC,,"10x Dual Index TT Set A. Used with 10xV3.1, 10xV3.1_HT, and 10xMultiome;GEX"
,SI-TT-G5,ATAGGGCGAG,TGCATCGAGT,ACTCGATGCA,,"10x Dual Index TT Set A. Used with 10xV3.1, 10xV3.1_HT, and 10xMultiome;GEX"
,SI-TT-G6,GCGGGTAAGT,TAGCACTAAG,CTTAGTGCTA,,"10x Dual Index TT Set A. Used with 10xV3.1, 10xV3.1_HT, and 10xMultiome;GEX"
,SI-TT-G7,GTTTCACGAT,TTCGGCCAAA,TTTGGCCGAA,,"10x Dual Index TT Set A. Used with 10xV3.1, 10xV3.1_HT, and 10xMultiome;GEX"
,SI-TT-G8,TAAGCAACTG,CTATACTCAA,TTGAGTATAG,,"10x Dual Index TT Set A. Used with 10xV3.1, 10xV3.1_HT, and 10xMultiome;GEX"
,SI-TT-G9,CCGGAGGAAG,TGCGGATGTT,AACATCCGCA,,"10x Dual Index TT Set A. Used with 10xV3.1, 10xV3.1_HT, and 10xMultiome;GEX"
,SI-TT-G10,ACTTTACGTG,TGAACGCCCT,AGGGCGTTCA,,"10x Dual Index TT Set A. Used with 10xV3.1, 10xV3.1_HT, and 10xMultiome;GEX"
,SI-TT-G11,GATAACCTGC,CATTAGAAAC,GTTTCTAATG,,"10x Dual Index TT Set A. Used with 10xV3.1, 10xV3.1_HT, and 10xMultiome;GEX"
,SI-TT-G12,CTTGCATAAA,ATCAGGGCTT,AAGCCCTGAT,,"10x Dual Index TT Set A. Used with 10xV3.1, 10xV3.1_HT, and 10xMultiome;GEX"
,SI-TT-H1,ACAATGTGAA,CGTACCGTTA,TAACGGTACG,,"10x Dual Index TT Set A. Used with 10xV3.1, 10xV3.1_HT, and 10xMultiome;GEX"
,SI-TT-H2,TAGCATAGTG,CGGCTCTGTC,GACAGAGCCG,,"10x Dual Index TT Set A. Used with 10xV3.1, 10xV3.1_HT, and 10xMultiome;GEX"
,SI-TT-H3,CCCGTTCTCG,GACGGATTGG,CCAATCCGTC,,"10x Dual Index TT Set A. Used with 10xV3.1, 10xV3.1_HT, and 10xMultiome;GEX"
,SI-TT-H4,AGTTTCCTGG,TGCCACACAG,CTGTGTGGCA,,"10x Dual Index TT Set A. Used with 10xV3.1, 10xV3.1_HT, and 10xMultiome;GEX"
,SI-TT-H5,AGCAAGAAGC,TTGTGTTTCT,AGAAACACAA,,"10x Dual Index TT Set A. Used with 10xV3.1, 10xV3.1_HT, and 10xMultiome;GEX"
,SI-TT-H6,CCTATCCTCG,GAATACTAAC,GTTAGTATTC,,"10x Dual Index TT Set A. Used with 10xV3.1, 10xV3.1_HT, and 10xMultiome;GEX"
,SI-TT-H7,ACCTCGAGCT,TGTGTTCGAT,ATCGAACACA,,"10x Dual Index TT Set A. Used with 10xV3.1, 10xV3.1_HT, and 10xMultiome;GEX"
,SI-TT-H8,ATAAGGATAC,ATAGATAGGG,CCCTATCTAT,,"10x Dual Index TT Set A. Used with 10xV3.1, 10xV3.1_HT, and 10xMultiome;GEX"
,SI-TT-H9,AGAACTTAGA,CGAGTCCTTT,AAAGGACTCG,,"10x Dual Index TT Set A. Used with 10xV3.1, 10xV3.1_HT, and 10xMultiome;GEX"
,SI-TT-H10,TTATCTAGGG,AAAGGCTCTA,TAGAGCCTTT,,"10x Dual Index TT Set A. Used with 10xV3.1, 10xV3.1_HT, and 10xMultiome;GEX"
,SI-TT-H11,ACAATCGATC,TGACGGAATG,CATTCCGTCA,,"10x Dual Index TT Set A. Used with 10xV3.1, 10xV3.1_HT, and 10xMultiome;GEX"
,SI-TT-H12,TGATGATTCA,GTAGGAGTCG,CGACTCCTAC,,"10x Dual Index TT Set A. Used with 10xV3.1, 10xV3.1_HT, and 10xMultiome;GEX"
,SI-NN-A1,GCCTTGTCAA,GATCCAATCA,TGATTGGATC,,10x Dual Index NN Set A. Used with 10xV3.1_CellPlex;GEX and 10xV3.1-HT_CellPlex;GEX
,SI-NN-A2,AACTTCTTTG,ATAAGCGGTA,TACCGCTTAT,,10x Dual Index NN Set A. Used with 10xV3.1_CellPlex;GEX and 10xV3.1-HT_CellPlex;GEX
,SI-NN-A3,TGGTTATAGA,GAGCTCATAA,TTATGAGCTC,,10x Dual Index NN Set A. Used with 10xV3.1_CellPlex;GEX and 10xV3.1-HT_CellPlex;GEX
,SI-NN-A4,GTAGTGCATC,ATTTGACGGT,ACCGTCAAAT,,10x Dual Index NN Set A. Used with 10xV3.1_CellPlex;GEX and 10xV3.1-HT_CellPlex;GEX
,SI-NN-A5,GCTTGATTTA,CGGGTGTGAC,GTCACACCCG,,10x Dual Index NN Set A. Used with 10xV3.1_CellPlex;GEX and 10xV3.1-HT_CellPlex;GEX
,SI-NN-A6,GAAGTTTCGC,TTTCAAAGCA,TGCTTTGAAA,,10x Dual Index NN Set A. Used with 10xV3.1_CellPlex;GEX and 10xV3.1-HT_CellPlex;GEX
,SI-NN-A7,GCAGTTGTTT,ACACTACTTT,AAAGTAGTGT,,10x Dual Index NN Set A. Used with 10xV3.1_CellPlex;GEX and 10xV3.1-HT_CellPlex;GEX
,SI-NN-A8,GCCGCAAGTA,AAAGGTCCGC,GCGGACCTTT,,10x Dual Index NN Set A. Used with 10xV3.1_CellPlex;GEX and 10xV3.1-HT_CellPlex;GEX
,SI-NN-A9,AAGTTGTATG,TGTACAATGC,GCATTGTACA,,10x Dual Index NN Set A. Used with 10xV3.1_CellPlex;GEX and 10xV3.1-HT_CellPlex;GEX
,SI-NN-A10,AGCAACCTTT,TTCAGCGCTA,TAGCGCTGAA,,10x Dual Index NN Set A. Used with 10xV3.1_CellPlex;GEX and 10xV3.1-HT_CellPlex;GEX
,SI-NN-A11,GACGAGGGTT,TTACTTTGAC,GTCAAAGTAA,,10x Dual Index NN Set A. Used with 10xV3.1_CellPlex;GEX and 10xV3.1-HT_CellPlex;GEX
,SI-NN-A12,TGAACAGTCG,ATTTCTCAGA,TCTGAGAAAT,,10x Dual Index NN Set A. Used with 10xV3.1_CellPlex;GEX and 10xV3.1-HT_CellPlex;GEX
,SI-NN-B1,CGAAAGGAGT,ACACCAAACA,TGTTTGGTGT,,10x Dual Index NN Set A. Used with 10xV3.1_CellPlex;GEX and 10xV3.1-HT_CellPlex;GEX
,SI-NN-B2,GAATGACTTG,TGAGCTCGCT,AGCGAGCTCA,,10x Dual Index NN Set A. Used with 10xV3.1_CellPlex;GEX and 10xV3.1-HT_CellPlex;GEX
,SI-NN-B3,GCCAGGGATT,CAAGTTTAGG,CCTAAACTTG,,10x Dual Index NN Set A. Used with 10xV3.1_CellPlex;GEX and 10xV3.1-HT_CellPlex;GEX
,SI-NN-B4,CTTTGTCCGC,GCTGTCCCGT,ACGGGACAGC,,10x Dual Index NN Set A. Used with 10xV3.1_CellPlex;GEX and 10xV3.1-HT_CellPlex;GEX
,SI-NN-B5,AGCTTGGGTG,AGCGTATAGT,ACTATACGCT,,10x Dual Index NN Set A. Used with 10xV3.1_CellPlex;GEX and 10xV3.1-HT_CellPlex;GEX
,SI-NN-B6,TCGCACCGGT,TAGCCTCAGG,CCTGAGGCTA,,10x Dual Index NN Set A. Used with 10xV3.1_CellPlex;GEX and 10xV3.1-HT_CellPlex;GEX
,SI-NN-B7,TTTAGGTAGG,ACTGAGGGAC,GTCCCTCAGT,,10x Dual Index NN Set A. Used with 10xV3.1_CellPlex;GEX and 10xV3.1-HT_CellPlex;GEX
,SI-NN-B8,GTTCGAGCGG,CTGTGGGTTT,AAACCCACAG,,10x Dual Index NN Set A. Used with 10xV3.1_CellPlex;GEX and 10xV3.1-HT_CellPlex;GEX
,SI-NN-B9,AGGGTATGGC,GAGTCCGACT,AGTCGGACTC,,10x Dual Index NN Set A. Used with 10xV3.1_CellPlex;GEX and 10xV3.1-HT_CellPlex;GEX
,SI-NN-B10,TACCCACTAT,TGGAACATAT,ATATGTTCCA,,10x Dual Index NN Set A. Used with 10xV3.1_CellPlex;GEX and 10xV3.1-HT_CellPlex;GEX
,SI-NN-B11,TTCAGGCTAC,CTGGGTATTG,CAATACCCAG,,10x Dual Index NN Set A. Used with 10xV3.1_CellPlex;GEX and 10xV3.1-HT_CellPlex;GEX
,SI-NN-B12,AGGAATAGAT,TGCGGTCACG,CGTGACCGCA,,10x Dual Index NN Set A. Used with 10xV3.1_CellPlex;GEX and 10xV3.1-HT_CellPlex;GEX
,SI-NN-C1,ACAGCGCTGT,GAGGGTCATC,GATGACCCTC,,10x Dual Index NN Set A. Used with 10xV3.1_CellPlex;GEX and 10xV3.1-HT_CellPlex;GEX
,SI-NN-C2,GACGTACGGA,ACCTCGCTTT,AAAGCGAGGT,,10x Dual Index NN Set A. Used with 10xV3.1_CellPlex;GEX and 10xV3.1-HT_CellPlex;GEX
,SI-NN-C3,CTTAGATGCA,CTATTCGACT,AGTCGAATAG,,10x Dual Index NN Set A. Used with 10xV3.1_CellPlex;GEX and 10xV3.1-HT_CellPlex;GEX
,SI-NN-C4,ACTCCTCAAC,ATTCACGGGA,TCCCGTGAAT,,10x Dual Index NN Set A. Used with 10xV3.1_CellPlex;GEX and 10xV3.1-HT_CellPlex;GEX
,SI-NN-C5,TCCATACTGT,GAGCGACTTC,GAAGTCGCTC,,10x Dual Index NN Set A. Used with 10xV3.1_CellPlex;GEX and 10xV3.1-HT_CellPlex;GEX
,SI-NN-C6,GCCAGAATGG,GAATTGTATC,GATACAATTC,,10x Dual Index NN Set A. Used with 10xV3.1_CellPlex;GEX and 10xV3.1-HT_CellPlex;GEX
,SI-NN-C7,ATTGCAAGAC,CGGTGACCAT,ATGGTCACCG,,10x Dual Index NN Set A. Used with 10xV3.1_CellPlex;GEX and 10xV3.1-HT_CellPlex;GEX
,SI-NN-C8,CAACATATCG,AACTAAAGGC,GCCTTTAGTT,,10x Dual Index NN Set A. Used with 10xV3.1_CellPlex;GEX and 10xV3.1-HT_CellPlex;GEX
,SI-NN-C9,CAGGGACCTC,AATAGCAGCA,TGCTGCTATT,,10x Dual Index NN Set A. Used with 10xV3.1_CellPlex;GEX and 10xV3.1-HT_CellPlex;GEX
,SI-NN-C10,ATTTGGGAAT,TCAGCCGAGT,ACTCGGCTGA,,10x Dual Index NN Set A. Used with 10xV3.1_CellPlex;GEX and 10xV3.1-HT_CellPlex;GEX
,SI-NN-C11,TGGATAATTG,TTTGTGATCA,TGATCACAAA,,10x Dual Index NN Set A. Used with 10xV3.1_CellPlex;GEX and 10xV3.1-HT_CellPlex;GEX
,SI-NN-C12,CAGATTATGA,GTGCCTGTAC,GTACAGGCAC,,10x Dual Index NN Set A. Used with 10xV3.1_CellPlex;GEX and 10xV3.1-HT_CellPlex;GEX
,SI-NN-D1,AATGGTAAGC,CTGTGAAGTT,AACTTCACAG,,10x Dual Index NN Set A. Used with 10xV3.1_CellPlex;GEX and 10xV3.1-HT_CellPlex;GEX
,SI-NN-D2,CATCCCTCGG,AGGGTAGGCG,CGCCTACCCT,,10x Dual Index NN Set A. Used with 10xV3.1_CellPlex;GEX and 10xV3.1-HT_CellPlex;GEX
,SI-NN-D3,CTGGTCCGTC,ACGAATAAGG,CCTTATTCGT,,10x Dual Index NN Set A. Used with 10xV3.1_CellPlex;GEX and 10xV3.1-HT_CellPlex;GEX
,SI-NN-D4,GTCGTAAATT,GTAGTAGGCT,AGCCTACTAC,,10x Dual Index NN Set A. Used with 10xV3.1_CellPlex;GEX and 10xV3.1-HT_CellPlex;GEX
,SI-NN-D5,CAACACTGAT,CAAACCAGGG,CCCTGGTTTG,,10x Dual Index NN Set A. Used with 10xV3.1_CellPlex;GEX and 10xV3.1-HT_CellPlex;GEX
,SI-NN-D6,CAGACTGAAT,TGCCTAACCG,CGGTTAGGCA,,10x Dual Index NN Set A. Used with 10xV3.1_CellPlex;GEX and 10xV3.1-HT_CellPlex;GEX
,SI-NN-D7,CGGACACGCT,TCACGATATA,TATATCGTGA,,10x Dual Index NN Set A. Used with 10xV3.1_CellPlex;GEX and 10xV3.1-HT_CellPlex;GEX
,SI-NN-D8,CTCGGCTCTC,TATACTTCCA,TGGAAGTATA,,10x Dual Index NN Set A. Used with 10xV3.1_CellPlex;GEX and 10xV3.1-HT_CellPlex;GEX
,SI-NN-D9,AAGCCTATCA,GTAGTGAACA,TGTTCACTAC,,10x Dual Index NN Set A. Used with 10xV3.1_CellPlex;GEX and 10xV3.1-HT_CellPlex;GEX
,SI-NN-D10,ACTGTGCCAA,TAACCGTTAT,ATAACGGTTA,,10x Dual Index NN Set A. Used with 10xV3.1_CellPlex;GEX and 10xV3.1-HT_CellPlex;GEX
,SI-NN-D11,CTACTCCCAT,TACGTTGCGG,CCGCAACGTA,,10x Dual Index NN Set A. Used with 10xV3.1_CellPlex;GEX and 10xV3.1-HT_CellPlex;GEX
,SI-NN-D12,AGACTCTAAC,GTGTCGATGT,ACATCGACAC,,10x Dual Index NN Set A. Used with 10xV3.1_CellPlex;GEX and 10xV3.1-HT_CellPlex;GEX
,SI-NN-E1,TGAGCCGGCA,TGCTGCATGT,ACATGCAGCA,,10x Dual Index NN Set A. Used with 10xV3.1_CellPlex;GEX and 10xV3.1-HT_CellPlex;GEX
,SI-NN-E2,TAGCTTGCGT,GCTGCTAAAG,CTTTAGCAGC,,10x Dual Index NN Set A. Used with 10xV3.1_CellPlex;GEX and 10xV3.1-HT_CellPlex;GEX
,SI-NN-E3,GTACACCGGG,AACAGTCGCG,CGCGACTGTT,,10x Dual Index NN Set A. Used with 10xV3.1_CellPlex;GEX and 10xV3.1-HT_CellPlex;GEX
,SI-NN-E4,CGCGTAGACG,AAAGTAGCTG,CAGCTACTTT,,10x Dual Index NN Set A. Used with 10xV3.1_CellPlex;GEX and 10xV3.1-HT_CellPlex;GEX
,SI-NN-E5,CCGATATATT,AACTATCCGA,TCGGATAGTT,,10x Dual Index NN Set A. Used with 10xV3.1_CellPlex;GEX and 10xV3.1-HT_CellPlex;GEX
,SI-NN-E6,TTGGGCGGGA,ATGTATCTGT,ACAGATACAT,,10x Dual Index NN Set A. Used with 10xV3.1_CellPlex;GEX and 10xV3.1-HT_CellPlex;GEX
,SI-NN-E7,GTTTATGAGG,GCCAAACAGC,GCTGTTTGGC,,10x Dual Index NN Set A. Used with 10xV3.1_CellPlex;GEX and 10xV3.1-HT_CellPlex;GEX
,SI-NN-E8,TTGGATACTC,CGTACTGAAG,CTTCAGTACG,,10x Dual Index NN Set A. Used with 10xV3.1_CellPlex;GEX and 10xV3.1-HT_CellPlex;GEX
,SI-NN-E9,GCTATCTATC,AAAGATGGAT,ATCCATCTTT,,10x Dual Index NN Set A. Used with 10xV3.1_CellPlex;GEX and 10xV3.1-HT_CellPlex;GEX
,SI-NN-E10,ATGTGATCGC,TGACCTACCT,AGGTAGGTCA,,10x Dual Index NN Set A. Used with 10xV3.1_CellPlex;GEX and 10xV3.1-HT_CellPlex;GEX
,SI-NN-E11,TCCTCACATG,AACAGATTCA,TGAATCTGTT,,10x Dual Index NN Set A. Used with 10xV3.1_CellPlex;GEX and 10xV3.1-HT_CellPlex;GEX
,SI-NN-E12,GCCTCCTAAT,CTCCTCCTGT,ACAGGAGGAG,,10x Dual Index NN Set A. Used with 10xV3.1_CellPlex;GEX and 10xV3.1-HT_CellPlex;GEX
,SI-NN-F1,CGAGGCTGAT,TCGACTTTCT,AGAAAGTCGA,,10x Dual Index NN Set A. Used with 10xV3.1_CellPlex;GEX and 10xV3.1-HT_CellPlex;GEX
,SI-NN-F2,CTCATGACAT,TGTTCCGCAC,GTGCGGAACA,,10x Dual Index NN Set A. Used with 10xV3.1_CellPlex;GEX and 10xV3.1-HT_CellPlex;GEX
,SI-NN-F3,AACGCGGCAA,GCCCGTTTAC,GTAAACGGGC,,10x Dual Index NN Set A. Used with 10xV3.1_CellPlex;GEX and 10xV3.1-HT_CellPlex;GEX
,SI-NN-F4,AACACCTCTC,GATTGTATGA,TCATACAATC,,10x Dual Index NN Set A. Used with 10xV3.1_CellPlex;GEX and 10xV3.1-HT_CellPlex;GEX
,SI-NN-F5,AAATAACGCG,ATAGAGGAGC,GCTCCTCTAT,,10x Dual Index NN Set A. Used with 10xV3.1_CellPlex;GEX and 10xV3.1-HT_CellPlex;GEX
,SI-NN-F6,GAAATCTTGT,TAGACGCCAC,GTGGCGTCTA,,10x Dual Index NN Set A. Used with 10xV3.1_CellPlex;GEX and 10xV3.1-HT_CellPlex;GEX
,SI-NN-F7,TAGATGGACT,CCAGGGATAT,ATATCCCTGG,,10x Dual Index NN Set A. Used with 10xV3.1_CellPlex;GEX and 10xV3.1-HT_CellPlex;GEX
,SI-NN-F8,CAATCTGTAT,TCCCATCGTT,AACGATGGGA,,10x Dual Index NN Set A. Used with 10xV3.1_CellPlex;GEX and 10xV3.1-HT_CellPlex;GEX
,SI-NN-F9,GCGAAAGTAT,GTGTCACAGA,TCTGTGACAC,,10x Dual Index NN Set A. Used with 10xV3.1_CellPlex;GEX and 10xV3.1-HT_CellPlex;GEX
,SI-NN-F10,CCCAGAGCTT,ATGCTGTAAT,ATTACAGCAT,,10x Dual Index NN Set A. Used with 10xV3.1_CellPlex;GEX and 10xV3.1-HT_CellPlex;GEX
,SI-NN-F11,GACTACAGGA,AGTGACAAAG,CTTTGTCACT,,10x Dual Index NN Set A. Used with 10xV3.1_CellPlex;GEX and 10xV3.1-HT_CellPlex;GEX
,SI-NN-F12,CAATTCATGG,ACGTAGTTCG,CGAACTACGT,,10x Dual Index NN Set A. Used with 10xV3.1_CellPlex;GEX and 10xV3.1-HT_CellPlex;GEX
,SI-NN-G1,TGGGAAGGGC,ACTAACGATG,CATCGTTAGT,,10x Dual Index NN Set A. Used with 10xV3.1_CellPlex;GEX and 10xV3.1-HT_CellPlex;GEX
,SI-NN-G2,TACTTCGCAT,AACGGTGTCG,CGACACCGTT,,10x Dual Index NN Set A. Used with 10xV3.1_CellPlex;GEX and 10xV3.1-HT_CellPlex;GEX
,SI-NN-G3,TAAACTGGCA,CCGACCTCTT,AAGAGGTCGG,,10x Dual Index NN Set A. Used with 10xV3.1_CellPlex;GEX and 10xV3.1-HT_CellPlex;GEX
,SI-NN-G4,TTGAAGAACT,CAACACCAGG,CCTGGTGTTG,,10x Dual Index NN Set A. Used with 10xV3.1_CellPlex;GEX and 10xV3.1-HT_CellPlex;GEX
,SI-NN-G5,TCCCTCGTCA,ATCAGGTGTG,CACACCTGAT,,10x Dual Index NN Set A. Used with 10xV3.1_CellPlex;GEX and 10xV3.1-HT_CellPlex;GEX
,SI-NN-G6,ACTGGCCTAA,CGCTCCCTTG,CAAGGGAGCG,,10x Dual Index NN Set A. Used with 10xV3.1_CellPlex;GEX and 10xV3.1-HT_CellPlex;GEX
,SI-NN-G7,TCATAATGCA,GATGAGGCGA,TCGCCTCATC,,10x Dual Index NN Set A. Used with 10xV3.1_CellPlex;GEX and 10xV3.1-HT_CellPlex;GEX
,SI-NN-G8,CGCCACGTTA,CTTTCATAGG,CCTATGAAAG,,10x Dual Index NN Set A. Used with 10xV3.1_CellPlex;GEX and 10xV3.1-HT_CellPlex;GEX
,SI-NN-G9,TGGACTAAGC,CTTAACATCG,CGATGTTAAG,,10x Dual Index NN Set A. Used with 10xV3.1_CellPlex;GEX and 10xV3.1-HT_CellPlex;GEX
,SI-NN-G10,AAGCCCGGCA,GAGTTTCCGT,ACGGAAACTC,,10x Dual Index NN Set A. Used with 10xV3.1_CellPlex;GEX and 10xV3.1-HT_CellPlex;GEX
,SI-NN-G11,ATAGTGGCGG,TACTGTTGTT,AACAACAGTA,,10x Dual Index NN Set A. Used with 10xV3.1_CellPlex;GEX and 10xV3.1-HT_CellPlex;GEX
,SI-NN-G12,CCAACCGGAC,GTTCTATCTA,TAGATAGAAC,,10x Dual Index NN Set A. Used with 10xV3.1_CellPlex;GEX and 10xV3.1-HT_CellPlex;GEX
,SI-NN-H1,TTACAGAGGG,GTTTATGGCA,TGCCATAAAC,,10x Dual Index NN Set A. Used with 10xV3.1_CellPlex;GEX and 10xV3.1-HT_CellPlex;GEX
,SI-NN-H2,TCCAACAACG,GTCCGGGTTT,AAACCCGGAC,,10x Dual Index NN Set A. Used with 10xV3.1_CellPlex;GEX and 10xV3.1-HT_CellPlex;GEX
,SI-NN-H3,AAAGCATGTC,AGATACTACT,AGTAGTATCT,,10x Dual Index NN Set A. Used with 10xV3.1_CellPlex;GEX and 10xV3.1-HT_CellPlex;GEX
,SI-NN-H4,AGAAGTCGTT,AGGACATTTA,TAAATGTCCT,,10x Dual Index NN Set A. Used with 10xV3.1_CellPlex;GEX and 10xV3.1-HT_CellPlex;GEX
,SI-NN-H5,GCTAGCGTTC,TCGCGTGGTG,CACCACGCGA,,10x Dual Index NN Set A. Used with 10xV3.1_CellPlex;GEX and 10xV3.1-HT_CellPlex;GEX
,SI-NN-H6,CAACTAGCTT,TCAACTAATC,GATTAGTTGA,,10x Dual Index NN Set A. Used with 10xV3.1_CellPlex;GEX and 10xV3.1-HT_CellPlex;GEX
,SI-NN-H7,AGGGCCAGTT,TAGGGCAAAT,ATTTGCCCTA,,10x Dual Index NN Set A. Used with 10xV3.1_CellPlex;GEX and 10xV3.1-HT_CellPlex;GEX
,SI-NN-H8,CTCTATGCGT,CCTCTGATGC,GCATCAGAGG,,10x Dual Index NN Set A. Used with 10xV3.1_CellPlex;GEX and 10xV3.1-HT_CellPlex;GEX
,SI-NN-H9,GTCCATACAA,AGCCACTCAC,GTGAGTGGCT,,10x Dual Index NN Set A. Used with 10xV3.1_CellPlex;GEX and 10xV3.1-HT_CellPlex;GEX
,SI-NN-H10,AGGGATGCAA,CTCATATCCT,AGGATATGAG,,10x Dual Index NN Set A. Used with 10xV3.1_CellPlex;GEX and 10xV3.1-HT_CellPlex;GEX
,SI-NN-H11,TTCAAGTCCT,CAGCAGCTAA,TTAGCTGCTG,,10x Dual Index NN Set A. Used with 10xV3.1_CellPlex;GEX and 10xV3.1-HT_CellPlex;GEX
,SI-NN-H12,CTCCAACCTA,GCACCGCATC,GATGCGGTGC,,10x Dual Index NN Set A. Used with 10xV3.1_CellPlex;GEX and 10xV3.1-HT_CellPlex;GEX
,SI-NA-A1,AAACGGCG,,,,10x Single Index N Set A. Used with 10xATAC_v2.0 and 10xMultiome;ATAC
,SI-NA-B1,AGGCTACC,,,,10x Single Index N Set A. Used with 10xATAC_v2.0 and 10xMultiome;ATAC
,SI-NA-C1,AGACTTTC,,,,10x Single Index N Set A. Used with 10xATAC_v2.0 and 10xMultiome;ATAC
,SI-NA-D1,AGCTGCGT,,,,10x Single Index N Set A. Used with 10xATAC_v2.0 and 10xMultiome;ATAC
,SI-NA-E1,ACGAAAGC,,,,10x Single Index N Set A. Used with 10xATAC_v2.0 and 10xMultiome;ATAC
,SI-NA-F1,ATCGCTCC,,,,10x Single Index N Set A. Used with 10xATAC_v2.0 and 10xMultiome;ATAC
,SI-NA-G1,ATGCGATT,,,,10x Single Index N Set A. Used with 10xATAC_v2.0 and 10xMultiome;ATAC
,SI-NA-H1,AAACTCAT,,,,10x Single Index N Set A. Used with 10xATAC_v2.0 and 10xMultiome;ATAC
,SI-NA-A2,AGCCCTTT,,,,10x Single Index N Set A. Used with 10xATAC_v2.0 and 10xMultiome;ATAC
,SI-NA-B2,AAGTTGAT,,,,10x Single Index N Set A. Used with 10xATAC_v2.0 and 10xMultiome;ATAC
,SI-NA-C2,AATCACTA,,,,10x Single Index N Set A. Used with 10xATAC_v2.0 and 10xMultiome;ATAC
,SI-NA-D2,ACATTCCG,,,,10x Single Index N Set A. Used with 10xATAC_v2.0 and 10xMultiome;ATAC
,SI-NA-E2,AGGCTGGT,,,,10x Single Index N Set A. Used with 10xATAC_v2.0 and 10xMultiome;ATAC
,SI-NA-F2,ATGGTTAG,,,,10x Single Index N Set A. Used with 10xATAC_v2.0 and 10xMultiome;ATAC
,SI-NA-G2,ATAACCTA,,,,10x Single Index N Set A. Used with 10xATAC_v2.0 and 10xMultiome;ATAC
,SI-NA-H2,AACGGTCA,,,,10x Single Index N Set A. Used with 10xATAC_v2.0 and 10xMultiome;ATAC
,SI-NA-A3,AAAGCATA,,,,10x Single Index N Set A. Used with 10xATAC_v2.0 and 10xMultiome;ATAC
,SI-NA-B3,ATTGGACG,,,,10x Single Index N Set A. Used with 10xATAC_v2.0 and 10xMultiome;ATAC
,SI-NA-C3,ACGTTACA,,,,10x Single Index N Set A. Used with 10xATAC_v2.0 and 10xMultiome;ATAC
,SI-NA-D3,ACTTCACT,,,,10x Single Index N Set A. Used with 10xATAC_v2.0 and 10xMultiome;ATAC
,SI-NA-E3,AACAAGTC,,,,10x Single Index N Set A. Used with 10xATAC_v2.0 and 10xMultiome;ATAC
,SI-NA-F3,AGTCTGTA,,,,10x Single Index N Set A. Used with 10xATAC_v2.0 and 10xMultiome;ATAC
,SI-NA-G3,ATGTCCAG,,,,10x Single Index N Set A. Used with 10xATAC_v2.0 and 10xMultiome;ATAC
,SI-NA-H3,ACACCTAA,,,,10x Single Index N Set A. Used with 10xATAC_v2.0 and 10xMultiome;ATAC
,SI-NA-A4,AGAACGCC,,,,10x Single Index N Set A. Used with 10xATAC_v2.0 and 10xMultiome;ATAC
,SI-NA-B4,AGGGACTG,,,,10x Single Index N Set A. Used with 10xATAC_v2.0 and 10xMultiome;ATAC
,SI-NA-C4,ACATTGGC,,,,10x Single Index N Set A. Used with 10xATAC_v2.0 and 10xMultiome;ATAC
,SI-NA-D4,AAATCGTC,,,,10x Single Index N Set A. Used with 10xATAC_v2.0 and 10xMultiome;ATAC
,SI-NA-E4,AGCTGACG,,,,10x Single Index N Set A. Used with 10xATAC_v2.0 and 10xMultiome;ATAC
,SI-NA-F4,AACGACAC,,,,10x Single Index N Set A. Used with 10xATAC_v2.0 and 10xMultiome;ATAC
,SI-NA-G4,AGCTTCTC,,,,10x Single Index N Set A. Used with 10xATAC_v2.0 and 10xMultiome;ATAC
,SI-NA-H4,ACTGGAGC,,,,10x Single Index N Set A. Used with 10xATAC_v2.0 and 10xMultiome;ATAC
,SI-NA-A5,ATTGGGAA,,,,10x Single Index N Set A. Used with 10xATAC_v2.0 and 10xMultiome;ATAC
,SI-NA-B5,ATCGTACT,,,,10x Single Index N Set A. Used with 10xATAC_v2.0 and 10xMultiome;ATAC
,SI-NA-C5,ATGCATTC,,,,10x Single Index N Set A. Used with 10xATAC_v2.0 and 10xMultiome;ATAC
,SI-NA-D5,AGACGGAT,,,,10x Single Index N Set A. Used with 10xATAC_v2.0 and 10xMultiome;ATAC
,SI-NA-E5,ATCCAAGG,,,,10x Single Index N Set A. Used with 10xATAC_v2.0 and 10xMultiome;ATAC
,SI-NA-F5,AACACAGC,,,,10x Single Index N Set A. Used with 10xATAC_v2.0 and 10xMultiome;ATAC
,SI-NA-G5,ATGAAGTA,,,,10x Single Index N Set A. Used with 10xATAC_v2.0 and 10xMultiome;ATAC
,SI-NA-H5,ATAGTATG,,,,10x Single Index N Set A. Used with 10xATAC_v2.0 and 10xMultiome;ATAC
,SI-NA-A6,ACGGGACT,,,,10x Single Index N Set A. Used with 10xATAC_v2.0 and 10xMultiome;ATAC
,SI-NA-B6,AACGCGAA,,,,10x Single Index N Set A. Used with 10xATAC_v2.0 and 10xMultiome;ATAC
,SI-NA-C6,ACTCAGAC,,,,10x Single Index N Set A. Used with 10xATAC_v2.0 and 10xMultiome;ATAC
,SI-NA-D6,ATGCCAAA,,,,10x Single Index N Set A. Used with 10xATAC_v2.0 and 10xMultiome;ATAC
,SI-NA-E6,ATTGAAAC,,,,10x Single Index N Set A. Used with 10xATAC_v2.0 and 10xMultiome;ATAC
,SI-NA-F6,ATGCCGGC,,,,10x Single Index N Set A. Used with 10xATAC_v2.0 and 10xMultiome;ATAC
,SI-NA-G6,AGCACTGG,,,,10x Single Index N Set A. Used with 10xATAC_v2.0 and 10xMultiome;ATAC
,SI-NA-H6,AAGCATAA,,,,10x Single Index N Set A. Used with 10xATAC_v2.0 and 10xMultiome;ATAC
,SI-NA-A7,AGGTCATA,,,,10x Single Index N Set A. Used with 10xATAC_v2.0 and 10xMultiome;ATAC
,SI-NA-B7,AGGGATGA,,,,10x Single Index N Set A. Used with 10xATAC_v2.0 and 10xMultiome;ATAC
,SI-NA-C7,ACACCGGG,,,,10x Single Index N Set A. Used with 10xATAC_v2.0 and 10xMultiome;ATAC
,SI-NA-D7,AACTTAGA,,,,10x Single Index N Set A. Used with 10xATAC_v2.0 and 10xMultiome;ATAC
,SI-NA-E7,AAGACGTG,,,,10x Single Index N Set A. Used with 10xATAC_v2.0 and 10xMultiome;ATAC
,SI-NA-F7,ACCCGAGA,,,,10x Single Index N Set A. Used with 10xATAC_v2.0 and 10xMultiome;ATAC
,SI-NA-G7,ATTACCGG,,,,10x Single Index N Set A. Used with 10xATAC_v2.0 and 10xMultiome;ATAC
,SI-NA-H7,AACGGGTG,,,,10x Single Index N Set A. Used with 10xATAC_v2.0 and 10xMultiome;ATAC
,SI-NA-A8,ATGATACG,,,,10x Single Index N Set A. Used with 10xATAC_v2.0 and 10xMultiome;ATAC
,SI-NA-B8,ACGTTCAC,,,,10x Single Index N Set A. Used with 10xATAC_v2.0 and 10xMultiome;ATAC
,SI-NA-C8,AGCTCGAG,,,,10x Single Index N Set A. Used with 10xATAC_v2.0 and 10xMultiome;ATAC
,SI-NA-D8,AATCTTTG,,,,10x Single Index N Set A. Used with 10xATAC_v2.0 and 10xMultiome;ATAC
,SI-NA-E8,AGCCTATG,,,,10x Single Index N Set A. Used with 10xATAC_v2.0 and 10xMultiome;ATAC
,SI-NA-F8,AGTTGGGA,,,,10x Single Index N Set A. Used with 10xATAC_v2.0 and 10xMultiome;ATAC
,SI-NA-G8,AAGTACTC,,,,10x Single Index N Set A. Used with 10xATAC_v2.0 and 10xMultiome;ATAC
,SI-NA-H8,AAGAGCGG,,,,10x Single Index N Set A. Used with 10xATAC_v2.0 and 10xMultiome;ATAC
,SI-NA-A9,ACAACTTG,,,,10x Single Index N Set A. Used with 10xATAC_v2.0 and 10xMultiome;ATAC
,SI-NA-B9,AAGCGTGT,,,,10x Single Index N Set A. Used with 10xATAC_v2.0 and 10xMultiome;ATAC
,SI-NA-C9,AGATCGGT,,,,10x Single Index N Set A. Used with 10xATAC_v2.0 and 10xMultiome;ATAC
,SI-NA-D9,ACCTACTG,,,,10x Single Index N Set A. Used with 10xATAC_v2.0 and 10xMultiome;ATAC
,SI-NA-E9,AGTAAGCA,,,,10x Single Index N Set A. Used with 10xATAC_v2.0 and 10xMultiome;ATAC
,SI-NA-F9,AGTTAGTT,,,,10x Single Index N Set A. Used with 10xATAC_v2.0 and 10xMultiome;ATAC
,SI-NA-G9,AGTCTCAG,,,,10x Single Index N Set A. Used with 10xATAC_v2.0 and 10xMultiome;ATAC
,SI-NA-H9,ACCTGCCA,,,,10x Single Index N Set A. Used with 10xATAC_v2.0 and 10xMultiome;ATAC
,SI-NA-A10,ACAGCAAC,,,,10x Single Index N Set A. Used with 10xATAC_v2.0 and 10xMultiome;ATAC
,SI-NA-B10,ACCATTAA,,,,10x Single Index N Set A. Used with 10xATAC_v2.0 and 10xMultiome;ATAC
,SI-NA-C10,ATCTGATC,,,,10x Single Index N Set A. Used with 10xATAC_v2.0 and 10xMultiome;ATAC
,SI-NA-D10,AGATAACA,,,,10x Single Index N Set A. Used with 10xATAC_v2.0 and 10xMultiome;ATAC
,SI-NA-E10,ATTGTTTC,,,,10x Single Index N Set A. Used with 10xATAC_v2.0 and 10xMultiome;ATAC
,SI-NA-F10,ATTCGTGC,,,,10x Single Index N Set A. Used with 10xATAC_v2.0 and 10xMultiome;ATAC
,SI-NA-G10,ATACTGAG,,,,10x Single Index N Set A. Used with 10xATAC_v2.0 and 10xMultiome;ATAC
,SI-NA-H10,ATTTCAGC,,,,10x Single Index N Set A. Used with 10xATAC_v2.0 and 10xMultiome;ATAC
,SI-NA-A11,ACCAGTCC,,,,10x Single Index N Set A. Used with 10xATAC_v2.0 and 10xMultiome;ATAC
,SI-NA-B11,ATGGTCGC,,,,10x Single Index N Set A. Used with 10xATAC_v2.0 and 10xMultiome;ATAC
,SI-NA-C11,ACCGAACA,,,,10x Single Index N Set A. Used with 10xATAC_v2.0 and 10xMultiome;ATAC
,SI-NA-D11,ATATGAGA,,,,10x Single Index N Set A. Used with 10xATAC_v2.0 and 10xMultiome;ATAC
,SI-NA-E11,ATCGCCAT,,,,10x Single Index N Set A. Used with 10xATAC_v2.0 and 10xMultiome;ATAC
,SI-NA-F11,AGCAGTTA,,,,10x Single Index N Set A. Used with 10xATAC_v2.0 and 10xMultiome;ATAC
,SI-NA-G11,AGGGCGTT,,,,10x Single Index N Set A. Used with 10xATAC_v2.0 and 10xMultiome;ATAC
,SI-NA-H11,AGGATCGA,,,,10x Single Index N Set A. Used with 10xATAC_v2.0 and 10xMultiome;ATAC
,SI-NA-A12,ACTACTGT,,,,10x Single Index N Set A. Used with 10xATAC_v2.0 and 10xMultiome;ATAC
,SI-NA-B12,ACGCTTGG,,,,10x Single Index N Set A. Used with 10xATAC_v2.0 and 10xMultiome;ATAC
,SI-NA-C12,ATCCGGCA,,,,10x Single Index N Set A. Used with 10xATAC_v2.0 and 10xMultiome;ATAC
,SI-NA-D12,AGAAACGT,,,,10x Single Index N Set A. Used with 10xATAC_v2.0 and 10xMultiome;ATAC
,SI-NA-E12,ACGCGGAA,,,,10x Single Index N Set A. Used with 10xATAC_v2.0 and 10xMultiome;ATAC
,SI-NA-F12,AATTGAAC,,,,10x Single Index N Set A. Used with 10xATAC_v2.0 and 10xMultiome;ATAC
,SI-NA-G12,ACCCGCAC,,,,10x Single Index N Set A. Used with 10xATAC_v2.0 and 10xMultiome;ATAC
,SI-NA-H12,ACGAGTAG,,,,10x Single Index N Set A. Used with 10xATAC_v2.0 and 10xMultiome;ATAC
,SetB-A1,CTGTTAGCGG,CGTAGAACAG,CTGTTCTACG,,NeryLab 384_SetB
,SetB-A10,AGGCCTAAGA,GTGGCGGTTA,TAACCGCCAC,,NeryLab 384_SetB
,SetB-A11,GATTGATTGC,CTTCAATAGC,GCTATTGAAG,,NeryLab 384_SetB
,SetB-A12,TAATCCGCTT,AGACACTCTA,TAGAGTGTCT,,NeryLab 384_SetB
,SetB-A13,TTACTCCGGT,CTCAGTCCGT,ACGGACTGAG,,NeryLab 384_SetB
,SetB-A14,TTCTTAGTCG,CCAAGCACAA,TTGTGCTTGG,,NeryLab 384_SetB
,SetB-A15,CACGCTTGCA,CGCTTACAAT,ATTGTAAGCG,,NeryLab 384_SetB
,SetB-A16,TCAGTTGTTG,TATGTGCGCT,AGCGCACATA,,NeryLab 384_SetB
,SetB-A17,TAGACAGAAC,AGAGAGACCG,CGGTCTCTCT,,NeryLab 384_SetB
,SetB-A18,TTCCTTCGAG,CTGTTAGGAT,ATCCTAACAG,,NeryLab 384_SetB
,SetB-A19,ATTGCTCTTC,TAGCACACTT,AAGTGTGCTA,,NeryLab 384_SetB
,SetB-A2,GACTGCAGCA,CTACCGCGTT,AACGCGGTAG,,NeryLab 384_SetB
,SetB-A20,AGTAAGCTTC,CGCATCTTGA,TCAAGATGCG,,NeryLab 384_SetB
,SetB-A21,GACACACATA,CGGAGCATCT,AGATGCTCCG,,NeryLab 384_SetB
,SetB-A22,AAGGCGCCAT,AGAGGAGCAG,CTGCTCCTCT,,NeryLab 384_SetB
,SetB-A23,CTTCAACGGC,CGCTTGGTTC,GAACCAAGCG,,NeryLab 384_SetB
,SetB-A24,CCTAATAGGA,AGGTCGATAA,TTATCGACCT,,NeryLab 384_SetB
,SetB-A3,CGGAAGATAA,CTGGCATATT,AATATGCCAG,,NeryLab 384_SetB
,SetB-A4,ACTGTAGCTG,GCAAGAGATG,CATCTCTTGC,,NeryLab 384_SetB
,SetB-A5,ACACTTCGTT,AGAACCTCGC,GCGAGGTTCT,,NeryLab 384_SetB
,SetB-A6,GCAGATAATC,TCCTACAGCG,CGCTGTAGGA,,NeryLab 384_SetB
,SetB-A7,CGTCGCTCAA,TGTCGTTAAG,CTTAACGACA,,NeryLab 384_SetB
,SetB-A8,TGCGCTCATG,CCAGTGACGA,TCGTCACTGG,,NeryLab 384_SetB
,SetB-A9,ACTTGGCCGA,CATACCGCTG,CAGCGGTATG,,NeryLab 384_SetB
,SetB-B1,AACGCGGTAG,TGCTGCAGTC,GACTGCAGCA,,NeryLab 384_SetB
,SetB-B10,CAGCGGTATG,TCGGCCAAGT,ACTTGGCCGA,,NeryLab 384_SetB
,SetB-B11,TAGAGTGTCT,AAGCGGATTA,TAATCCGCTT,,NeryLab 384_SetB
,SetB-B12,GCTATTGAAG,GCAATCAATC,GATTGATTGC,,NeryLab 384_SetB
,SetB-B13,TTGTGCTTGG,CGACTAAGAA,TTCTTAGTCG,,NeryLab 384_SetB
,SetB-B14,ACGGACTGAG,ACCGGAGTAA,TTACTCCGGT,,NeryLab 384_SetB
,SetB-B15,AGCGCACATA,CAACAACTGA,TCAGTTGTTG,,NeryLab 384_SetB
,SetB-B16,ATTGTAAGCG,TGCAAGCGTG,CACGCTTGCA,,NeryLab 384_SetB
,SetB-B17,ATCCTAACAG,CTCGAAGGAA,TTCCTTCGAG,,NeryLab 384_SetB
,SetB-B18,CGGTCTCTCT,GTTCTGTCTA,TAGACAGAAC,,NeryLab 384_SetB
,SetB-B19,TCAAGATGCG,GAAGCTTACT,AGTAAGCTTC,,NeryLab 384_SetB
,SetB-B2,CTGTTCTACG,CCGCTAACAG,CTGTTAGCGG,,NeryLab 384_SetB
,SetB-B20,AAGTGTGCTA,GAAGAGCAAT,ATTGCTCTTC,,NeryLab 384_SetB
,SetB-B21,CTGCTCCTCT,ATGGCGCCTT,AAGGCGCCAT,,NeryLab 384_SetB
,SetB-B22,AGATGCTCCG,TATGTGTGTC,GACACACATA,,NeryLab 384_SetB
,SetB-B23,TTATCGACCT,TCCTATTAGG,CCTAATAGGA,,NeryLab 384_SetB
,SetB-B24,GAACCAAGCG,GCCGTTGAAG,CTTCAACGGC,,NeryLab 384_SetB
,SetB-B3,CATCTCTTGC,CAGCTACAGT,ACTGTAGCTG,,NeryLab 384_SetB
,SetB-B4,AATATGCCAG,TTATCTTCCG,CGGAAGATAA,,NeryLab 384_SetB
,SetB-B5,CGCTGTAGGA,GATTATCTGC,GCAGATAATC,,NeryLab 384_SetB
,SetB-B6,GCGAGGTTCT,AACGAAGTGT,ACACTTCGTT,,NeryLab 384_SetB
,SetB-B7,TCGTCACTGG,CATGAGCGCA,TGCGCTCATG,,NeryLab 384_SetB
,SetB-B8,CTTAACGACA,TTGAGCGACG,CGTCGCTCAA,,NeryLab 384_SetB
,SetB-B9,TAACCGCCAC,TCTTAGGCCT,AGGCCTAAGA,,NeryLab 384_SetB
,SetB-C1,CCACAGGCTA,CTTGAAGAGG,CCTCTTCAAG,,NeryLab 384_SetB
,SetB-C10,TTCACGTCAA,CCATCCGAGT,ACTCGGATGG,,NeryLab 384_SetB
,SetB-C11,CTCGAGTTGT,CTTCTCCAGC,GCTGGAGAAG,,NeryLab 384_SetB
,SetB-C12,TTGGCGTTGT,CGCCACAGAA,TTCTGTGGCG,,NeryLab 384_SetB
,SetB-C13,TCATGTGCCG,TAGCGCAATA,TATTGCGCTA,,NeryLab 384_SetB
,SetB-C14,TCTAGACCGG,GCATCTTCTT,AAGAAGATGC,,NeryLab 384_SetB
,SetB-C15,TGAGAGATAG,TTAGACCACA,TGTGGTCTAA,,NeryLab 384_SetB
,SetB-C16,CCTCATAATC,AAGATACAGC,GCTGTATCTT,,NeryLab 384_SetB
,SetB-C17,CTGGTAACTT,GACCAAGCAT,ATGCTTGGTC,,NeryLab 384_SetB
,SetB-C18,CCTCACAGAG,TTCCTAGCCG,CGGCTAGGAA,,NeryLab 384_SetB
,SetB-C19,GCATAAGGTA,TATGCAACTC,GAGTTGCATA,,NeryLab 384_SetB
,SetB-C2,TCGTGATTGT,AGCGTAGCAA,TTGCTACGCT,,NeryLab 384_SetB
,SetB-C20,TCTTCACCTT,ACCTTCCGGT,ACCGGAAGGT,,NeryLab 384_SetB
,SetB-C21,CTGGTTAACA,TAACGCAGTC,GACTGCGTTA,,NeryLab 384_SetB
,SetB-C22,TATACCTCTC,TTACTAGGCA,TGCCTAGTAA,,NeryLab 384_SetB
,SetB-C23,GCGAGTACAA,CCATAAGCCA,TGGCTTATGG,,NeryLab 384_SetB
,SetB-C24,GCAGTTAACA,GAGTGTCTCA,TGAGACACTC,,NeryLab 384_SetB
,SetB-C3,TGCCGGCATA,AACGCCATTC,GAATGGCGTT,,NeryLab 384_SetB
,SetB-C4,CTGGTGGTCA,CTCAACGGAG,CTCCGTTGAG,,NeryLab 384_SetB
,SetB-C5,ACTAACGTCT,ACAATTGGTC,GACCAATTGT,,NeryLab 384_SetB
,SetB-C6,AGCCTACGTT,CTGTGCATTA,TAATGCACAG,,NeryLab 384_SetB
,SetB-C7,TTCCGGATTA,TAGTGTTACG,CGTAACACTA,,NeryLab 384_SetB
,SetB-C8,AACCTTCAAG,GTGCGTCGTA,TACGACGCAC,,NeryLab 384_SetB
,SetB-C9,TTCTCGTGTT,CTTCCTAGGC,GCCTAGGAAG,,NeryLab 384_SetB
,SetB-D1,TTGCTACGCT,ACAATCACGA,TCGTGATTGT,,NeryLab 384_SetB
,SetB-D10,GCCTAGGAAG,AACACGAGAA,TTCTCGTGTT,,NeryLab 384_SetB
,SetB-D11,TTCTGTGGCG,ACAACGCCAA,TTGGCGTTGT,,NeryLab 384_SetB
,SetB-D12,GCTGGAGAAG,ACAACTCGAG,CTCGAGTTGT,,NeryLab 384_SetB
,SetB-D13,AAGAAGATGC,CCGGTCTAGA,TCTAGACCGG,,NeryLab 384_SetB
,SetB-D14,TATTGCGCTA,CGGCACATGA,TCATGTGCCG,,NeryLab 384_SetB
,SetB-D15,GCTGTATCTT,GATTATGAGG,CCTCATAATC,,NeryLab 384_SetB
,SetB-D16,TGTGGTCTAA,CTATCTCTCA,TGAGAGATAG,,NeryLab 384_SetB
,SetB-D17,CGGCTAGGAA,CTCTGTGAGG,CCTCACAGAG,,NeryLab 384_SetB
,SetB-D18,ATGCTTGGTC,AAGTTACCAG,CTGGTAACTT,,NeryLab 384_SetB
,SetB-D19,ACCGGAAGGT,AAGGTGAAGA,TCTTCACCTT,,NeryLab 384_SetB
,SetB-D2,CCTCTTCAAG,TAGCCTGTGG,CCACAGGCTA,,NeryLab 384_SetB
,SetB-D20,GAGTTGCATA,TACCTTATGC,GCATAAGGTA,,NeryLab 384_SetB
,SetB-D21,TGCCTAGTAA,GAGAGGTATA,TATACCTCTC,,NeryLab 384_SetB
,SetB-D22,GACTGCGTTA,TGTTAACCAG,CTGGTTAACA,,NeryLab 384_SetB
,SetB-D23,TGAGACACTC,TGTTAACTGC,GCAGTTAACA,,NeryLab 384_SetB
,SetB-D24,TGGCTTATGG,TTGTACTCGC,GCGAGTACAA,,NeryLab 384_SetB
,SetB-D3,CTCCGTTGAG,TGACCACCAG,CTGGTGGTCA,,NeryLab 384_SetB
,SetB-D4,GAATGGCGTT,TATGCCGGCA,TGCCGGCATA,,NeryLab 384_SetB
,SetB-D5,TAATGCACAG,AACGTAGGCT,AGCCTACGTT,,NeryLab 384_SetB
,SetB-D6,GACCAATTGT,AGACGTTAGT,ACTAACGTCT,,NeryLab 384_SetB
,SetB-D7,TACGACGCAC,CTTGAAGGTT,AACCTTCAAG,,NeryLab 384_SetB
,SetB-D8,CGTAACACTA,TAATCCGGAA,TTCCGGATTA,,NeryLab 384_SetB
,SetB-D9,ACTCGGATGG,TTGACGTGAA,TTCACGTCAA,,NeryLab 384_SetB
,SetB-E1,CTTGATGGTT,CGGAACCAGT,ACTGGTTCCG,,NeryLab 384_SetB
,SetB-E10,CTTAATACGG,TTGGCTAGGC,GCCTAGCCAA,,NeryLab 384_SetB
,SetB-E11,TGCGGTATGG,TCCAGCTCAT,ATGAGCTGGA,,NeryLab 384_SetB
,SetB-E12,GCCGGTGTTA,TTAGAATCGG,CCGATTCTAA,,NeryLab 384_SetB
,SetB-E13,CCATGCGACT,CACCAGCACA,TGTGCTGGTG,,NeryLab 384_SetB
,SetB-E14,CATATGGCCG,GAACGGACTA,TAGTCCGTTC,,NeryLab 384_SetB
,SetB-E15,TAACAGTGGT,CCGCGATTAG,CTAATCGCGG,,NeryLab 384_SetB
,SetB-E16,CCGGATAAGT,TAATATCCGC,GCGGATATTA,,NeryLab 384_SetB
,SetB-E17,TCGGTTACTA,AGTGCCGATG,CATCGGCACT,,NeryLab 384_SetB
,SetB-E18,TTGAGACCAG,GCATTCAGCG,CGCTGAATGC,,NeryLab 384_SetB
,SetB-E19,ATAGCGGTGC,GATCTATTGG,CCAATAGATC,,NeryLab 384_SetB
,SetB-E2,TTATCGCGTA,CGCTACACTC,GAGTGTAGCG,,NeryLab 384_SetB
,SetB-E20,TCCGGTGTGT,AGGCCTTATA,TATAAGGCCT,,NeryLab 384_SetB
,SetB-E21,TGGTGAGCAA,CATATTGGAG,CTCCAATATG,,NeryLab 384_SetB
,SetB-E22,GATGTTCATC,AACGGATCGC,GCGATCCGTT,,NeryLab 384_SetB
,SetB-E23,TTCCGTTCCA,AAGTCCATAG,CTATGGACTT,,NeryLab 384_SetB
,SetB-E24,TGGCTAGGTT,TACATGCCGT,ACGGCATGTA,,NeryLab 384_SetB
,SetB-E3,TAGTGAAGGA,CGCCATCAAT,ATTGATGGCG,,NeryLab 384_SetB
,SetB-E4,TATAGCCAGG,TCGGATGAGG,CCTCATCCGA,,NeryLab 384_SetB
,SetB-E5,CATGGTGTAC,AGGACCTGTA,TACAGGTCCT,,NeryLab 384_SetB
,SetB-E6,CTTATCCGTT,GAGGCCACAT,ATGTGGCCTC,,NeryLab 384_SetB
,SetB-E7,CGATGCGAGA,CTAGACACTC,GAGTGTCTAG,,NeryLab 384_SetB
,SetB-E8,AGATAGGTAG,CCATAAGAGG,CCTCTTATGG,,NeryLab 384_SetB
,SetB-E9,TTCTGCCGTA,ACATGGCCTG,CAGGCCATGT,,NeryLab 384_SetB
,SetB-F1,GAGTGTAGCG,TACGCGATAA,TTATCGCGTA,,NeryLab 384_SetB
,SetB-F10,CAGGCCATGT,TACGGCAGAA,TTCTGCCGTA,,NeryLab 384_SetB
,SetB-F11,CCGATTCTAA,TAACACCGGC,GCCGGTGTTA,,NeryLab 384_SetB
,SetB-F12,ATGAGCTGGA,CCATACCGCA,TGCGGTATGG,,NeryLab 384_SetB
,SetB-F13,TAGTCCGTTC,CGGCCATATG,CATATGGCCG,,NeryLab 384_SetB
,SetB-F14,TGTGCTGGTG,AGTCGCATGG,CCATGCGACT,,NeryLab 384_SetB
,SetB-F15,GCGGATATTA,ACTTATCCGG,CCGGATAAGT,,NeryLab 384_SetB
,SetB-F16,CTAATCGCGG,ACCACTGTTA,TAACAGTGGT,,NeryLab 384_SetB
,SetB-F17,CGCTGAATGC,CTGGTCTCAA,TTGAGACCAG,,NeryLab 384_SetB
,SetB-F18,CATCGGCACT,TAGTAACCGA,TCGGTTACTA,,NeryLab 384_SetB
,SetB-F19,TATAAGGCCT,ACACACCGGA,TCCGGTGTGT,,NeryLab 384_SetB
,SetB-F2,ACTGGTTCCG,AACCATCAAG,CTTGATGGTT,,NeryLab 384_SetB
,SetB-F20,CCAATAGATC,GCACCGCTAT,ATAGCGGTGC,,NeryLab 384_SetB
,SetB-F21,GCGATCCGTT,GATGAACATC,GATGTTCATC,,NeryLab 384_SetB
,SetB-F22,CTCCAATATG,TTGCTCACCA,TGGTGAGCAA,,NeryLab 384_SetB
,SetB-F23,ACGGCATGTA,AACCTAGCCA,TGGCTAGGTT,,NeryLab 384_SetB
,SetB-F24,CTATGGACTT,TGGAACGGAA,TTCCGTTCCA,,NeryLab 384_SetB
,SetB-F3,CCTCATCCGA,CCTGGCTATA,TATAGCCAGG,,NeryLab 384_SetB
,SetB-F4,ATTGATGGCG,TCCTTCACTA,TAGTGAAGGA,,NeryLab 384_SetB
,SetB-F5,ATGTGGCCTC,AACGGATAAG,CTTATCCGTT,,NeryLab 384_SetB
,SetB-F6,TACAGGTCCT,GTACACCATG,CATGGTGTAC,,NeryLab 384_SetB
,SetB-F7,CCTCTTATGG,CTACCTATCT,AGATAGGTAG,,NeryLab 384_SetB
,SetB-F8,GAGTGTCTAG,TCTCGCATCG,CGATGCGAGA,,NeryLab 384_SetB
,SetB-F9,GCCTAGCCAA,CCGTATTAAG,CTTAATACGG,,NeryLab 384_SetB
,SetB-G1,CCGCTTAATT,AGTACCATGA,TCATGGTACT,,NeryLab 384_SetB
,SetB-G10,CTCGAATGCG,GATCATTCCT,AGGAATGATC,,NeryLab 384_SetB
,SetB-G11,CCTATATGCA,CTACGTGGTA,TACCACGTAG,,NeryLab 384_SetB
,SetB-G12,AGCTGGTAGG,CTTGAATTCG,CGAATTCAAG,,NeryLab 384_SetB
,SetB-G13,GATCAGGTGC,CTTATTCGGA,TCCGAATAAG,,NeryLab 384_SetB
,SetB-G14,TAGGATCAAG,CCGTGTTCTC,GAGAACACGG,,NeryLab 384_SetB
,SetB-G15,TCACGAGTAC,CTGGCATCCA,TGGATGCCAG,,NeryLab 384_SetB
,SetB-G16,TCGGTCGATG,AGGCAGCTTA,TAAGCTGCCT,,NeryLab 384_SetB
,SetB-G17,TGCATATGTG,CCTAGCAATT,AATTGCTAGG,,NeryLab 384_SetB
,SetB-G18,TTCCTCGGAC,TGACCTGCTG,CAGCAGGTCA,,NeryLab 384_SetB
,SetB-G19,GTATAGTACG,CCTCCTCTTG,CAAGAGGAGG,,NeryLab 384_SetB
,SetB-G2,TACTATTCCG,CTAGATAACG,CGTTATCTAG,,NeryLab 384_SetB
,SetB-G20,AAGTGTTACG,CCTATTCAGT,ACTGAATAGG,,NeryLab 384_SetB
,SetB-G21,TTGGCTGATA,TCGTTGTAGC,GCTACAACGA,,NeryLab 384_SetB
,SetB-G22,CGAGAGGTGA,GTGTACACTA,TAGTGTACAC,,NeryLab 384_SetB
,SetB-G23,GATGGCTTGG,GCAGACTTCA,TGAAGTCTGC,,NeryLab 384_SetB
,SetB-G24,AGAGCCTATT,TCGCACTCCA,TGGAGTGCGA,,NeryLab 384_SetB
,SetB-G3,GACCTCGTCT,GCCGGTAAGT,ACTTACCGGC,,NeryLab 384_SetB
,SetB-G4,CACGGTATAA,AGAACCGCTA,TAGCGGTTCT,,NeryLab 384_SetB
,SetB-G5,AGCCTATTAG,TACCAGAACG,CGTTCTGGTA,,NeryLab 384_SetB
,SetB-G6,ATCTGCAAGA,TTGTCTGTAG,CTACAGACAA,,NeryLab 384_SetB
,SetB-G7,ATCGGTAGGC,CATTGGCCAA,TTGGCCAATG,,NeryLab 384_SetB
,SetB-G8,ACTAGCACGC,CGCTCGTGTT,AACACGAGCG,,NeryLab 384_SetB
,SetB-G9,ACCTGATAAG,GCTGGCCAAT,ATTGGCCAGC,,NeryLab 384_SetB
,SetB-H1,CGTTATCTAG,CGGAATAGTA,TACTATTCCG,,NeryLab 384_SetB
,SetB-H10,ATTGGCCAGC,CTTATCAGGT,ACCTGATAAG,,NeryLab 384_SetB
,SetB-H11,CGAATTCAAG,CCTACCAGCT,AGCTGGTAGG,,NeryLab 384_SetB
,SetB-H12,TACCACGTAG,TGCATATAGG,CCTATATGCA,,NeryLab 384_SetB
,SetB-H13,GAGAACACGG,CTTGATCCTA,TAGGATCAAG,,NeryLab 384_SetB
,SetB-H14,TCCGAATAAG,GCACCTGATC,GATCAGGTGC,,NeryLab 384_SetB
,SetB-H15,TAAGCTGCCT,CATCGACCGA,TCGGTCGATG,,NeryLab 384_SetB
,SetB-H16,TGGATGCCAG,GTACTCGTGA,TCACGAGTAC,,NeryLab 384_SetB
,SetB-H17,CAGCAGGTCA,GTCCGAGGAA,TTCCTCGGAC,,NeryLab 384_SetB
,SetB-H18,AATTGCTAGG,CACATATGCA,TGCATATGTG,,NeryLab 384_SetB
,SetB-H19,ACTGAATAGG,CGTAACACTT,AAGTGTTACG,,NeryLab 384_SetB
,SetB-H2,TCATGGTACT,AATTAAGCGG,CCGCTTAATT,,NeryLab 384_SetB
,SetB-H20,CAAGAGGAGG,CGTACTATAC,GTATAGTACG,,NeryLab 384_SetB
,SetB-H21,TAGTGTACAC,TCACCTCTCG,CGAGAGGTGA,,NeryLab 384_SetB
,SetB-H22,GCTACAACGA,TATCAGCCAA,TTGGCTGATA,,NeryLab 384_SetB
,SetB-H23,TGGAGTGCGA,AATAGGCTCT,AGAGCCTATT,,NeryLab 384_SetB
,SetB-H24,TGAAGTCTGC,CCAAGCCATC,GATGGCTTGG,,NeryLab 384_SetB
,SetB-H3,TAGCGGTTCT,TTATACCGTG,CACGGTATAA,,NeryLab 384_SetB
,SetB-H4,ACTTACCGGC,AGACGAGGTC,GACCTCGTCT,,NeryLab 384_SetB
,SetB-H5,CTACAGACAA,TCTTGCAGAT,ATCTGCAAGA,,NeryLab 384_SetB
,SetB-H6,CGTTCTGGTA,CTAATAGGCT,AGCCTATTAG,,NeryLab 384_SetB
,SetB-H7,AACACGAGCG,GCGTGCTAGT,ACTAGCACGC,,NeryLab 384_SetB
,SetB-H8,TTGGCCAATG,GCCTACCGAT,ATCGGTAGGC,,NeryLab 384_SetB
,SetB-H9,AGGAATGATC,CGCATTCGAG,CTCGAATGCG,,NeryLab 384_SetB
,SetB-I1,TGAGGCGATC,CCTTAAGCAG,CTGCTTAAGG,,NeryLab 384_SetB
,SetB-I10,AGTTCTTGAC,GCTACTTGAA,TTCAAGTAGC,,NeryLab 384_SetB
,SetB-I11,TGAGGTAACA,TTGGCATCGC,GCGATGCCAA,,NeryLab 384_SetB
,SetB-I12,AACGGATTAG,ACGCAAGTTC,GAACTTGCGT,,NeryLab 384_SetB
,SetB-I13,TTAGGCCTTC,GATCTGGTTA,TAACCAGATC,,NeryLab 384_SetB
,SetB-I14,AGAGAGACAA,CCTGCTAGGA,TCCTAGCAGG,,NeryLab 384_SetB
,SetB-I15,TCGATTCGTA,CCTATAATGC,GCATTATAGG,,NeryLab 384_SetB
,SetB-I16,TCAACGGTAG,TGCGGACACA,TGTGTCCGCA,,NeryLab 384_SetB
,SetB-I17,ACCTCTAACA,GTAAGGAATC,GATTCCTTAC,,NeryLab 384_SetB
,SetB-I18,CCAATTCACA,AGGACACATA,TATGTGTCCT,,NeryLab 384_SetB
,SetB-I19,AATGAGGAAC,AAGTAACGTC,GACGTTACTT,,NeryLab 384_SetB
,SetB-I2,TAGTTCCATC,CTGTGAATGT,ACATTCACAG,,NeryLab 384_SetB
,SetB-I20,TCTGTGCCAC,GCAAGTATTG,CAATACTTGC,,NeryLab 384_SetB
,SetB-I21,CTAATACCAG,TCCAGTTCTC,GAGAACTGGA,,NeryLab 384_SetB
,SetB-I22,CTAGCGGTTA,TGAATCGCGT,ACGCGATTCA,,NeryLab 384_SetB
,SetB-I23,TTGGAGGCCT,CTGTAGCGCT,AGCGCTACAG,,NeryLab 384_SetB
,SetB-I24,CCGAATTGGT,CCAATCCTAA,TTAGGATTGG,,NeryLab 384_SetB
,SetB-I3,CCTTCAGAGC,CCTCATAACT,AGTTATGAGG,,NeryLab 384_SetB
,SetB-I4,CCACTTCGGA,AGGTTACCTT,AAGGTAACCT,,NeryLab 384_SetB
,SetB-I5,AGAGGCCAAG,TTCATGGTGC,GCACCATGAA,,NeryLab 384_SetB
,SetB-I6,GAAGTCATAC,TTGCCATCAG,CTGATGGCAA,,NeryLab 384_SetB
,SetB-I7,ATTCCGATGA,CGGACGGAAT,ATTCCGTCCG,,NeryLab 384_SetB
,SetB-I8,TCATCTTGCA,TTGTAGGACA,TGTCCTACAA,,NeryLab 384_SetB
,SetB-I9,TATACGGTGA,CCGTGAGCAA,TTGCTCACGG,,NeryLab 384_SetB
,SetB-J1,ACATTCACAG,GATGGAACTA,TAGTTCCATC,,NeryLab 384_SetB
,SetB-J10,TTGCTCACGG,TCACCGTATA,TATACGGTGA,,NeryLab 384_SetB
,SetB-J11,GAACTTGCGT,CTAATCCGTT,AACGGATTAG,,NeryLab 384_SetB
,SetB-J12,GCGATGCCAA,TGTTACCTCA,TGAGGTAACA,,NeryLab 384_SetB
,SetB-J13,TCCTAGCAGG,TTGTCTCTCT,AGAGAGACAA,,NeryLab 384_SetB
,SetB-J14,TAACCAGATC,GAAGGCCTAA,TTAGGCCTTC,,NeryLab 384_SetB
,SetB-J15,TGTGTCCGCA,CTACCGTTGA,TCAACGGTAG,,NeryLab 384_SetB
,SetB-J16,GCATTATAGG,TACGAATCGA,TCGATTCGTA,,NeryLab 384_SetB
,SetB-J17,TATGTGTCCT,TGTGAATTGG,CCAATTCACA,,NeryLab 384_SetB
,SetB-J18,GATTCCTTAC,TGTTAGAGGT,ACCTCTAACA,,NeryLab 384_SetB
,SetB-J19,CAATACTTGC,GTGGCACAGA,TCTGTGCCAC,,NeryLab 384_SetB
,SetB-J2,CTGCTTAAGG,GATCGCCTCA,TGAGGCGATC,,NeryLab 384_SetB
,SetB-J20,GACGTTACTT,GTTCCTCATT,AATGAGGAAC,,NeryLab 384_SetB
,SetB-J21,ACGCGATTCA,TAACCGCTAG,CTAGCGGTTA,,NeryLab 384_SetB
,SetB-J22,GAGAACTGGA,CTGGTATTAG,CTAATACCAG,,NeryLab 384_SetB
,SetB-J23,TTAGGATTGG,ACCAATTCGG,CCGAATTGGT,,NeryLab 384_SetB
,SetB-J24,AGCGCTACAG,AGGCCTCCAA,TTGGAGGCCT,,NeryLab 384_SetB
,SetB-J3,AAGGTAACCT,TCCGAAGTGG,CCACTTCGGA,,NeryLab 384_SetB
,SetB-J4,AGTTATGAGG,GCTCTGAAGG,CCTTCAGAGC,,NeryLab 384_SetB
,SetB-J5,CTGATGGCAA,GTATGACTTC,GAAGTCATAC,,NeryLab 384_SetB
,SetB-J6,GCACCATGAA,CTTGGCCTCT,AGAGGCCAAG,,NeryLab 384_SetB
,SetB-J7,TGTCCTACAA,TGCAAGATGA,TCATCTTGCA,,NeryLab 384_SetB
,SetB-J8,ATTCCGTCCG,TCATCGGAAT,ATTCCGATGA,,NeryLab 384_SetB
,SetB-J9,TTCAAGTAGC,GTCAAGAACT,AGTTCTTGAC,,NeryLab 384_SetB
,SetB-K1,TCATAGCCGA,AGACTGATCA,TGATCAGTCT,,NeryLab 384_SetB
,SetB-K10,AATCTGCGGC,GTGCAGTAAT,ATTACTGCAC,,NeryLab 384_SetB
,SetB-K11,AAGTGTAAGC,GCCAATTGCA,TGCAATTGGC,,NeryLab 384_SetB
,SetB-K12,ACTTCAGGCA,TAACTCAGCA,TGCTGAGTTA,,NeryLab 384_SetB
,SetB-K13,AATCATCGAC,CCTGCAGCAT,ATGCTGCAGG,,NeryLab 384_SetB
,SetB-K14,AGAGACTCGG,TTCTGTTCTG,CAGAACAGAA,,NeryLab 384_SetB
,SetB-K15,TGACTCGCGT,CCAGAGGAAT,ATTCCTCTGG,,NeryLab 384_SetB
,SetB-K16,ATGGCGTTAG,GCTTGTGCCA,TGGCACAAGC,,NeryLab 384_SetB
,SetB-K17,TTCTTCACAG,CCAATCAAGT,ACTTGATTGG,,NeryLab 384_SetB
,SetB-K18,AAGAGTGTGA,CGATAACCAA,TTGGTTATCG,,NeryLab 384_SetB
,SetB-K19,CCGTTGCGTA,CACGTTACTC,GAGTAACGTG,,NeryLab 384_SetB
,SetB-K2,TTCACATGAC,TTGGCTGCGT,ACGCAGCCAA,,NeryLab 384_SetB
,SetB-K20,CCTTAATTGC,GATATACCTC,GAGGTATATC,,NeryLab 384_SetB
,SetB-K21,ACGCAGTGGA,CTACGTTCCA,TGGAACGTAG,,NeryLab 384_SetB
,SetB-K22,ACGGTTGGAC,CACCAATAGT,ACTATTGGTG,,NeryLab 384_SetB
,SetB-K23,CCAGGCTCAA,TAAGGTGACA,TGTCACCTTA,,NeryLab 384_SetB
,SetB-K24,AACTTGTTGC,TTCGTCAACT,AGTTGACGAA,,NeryLab 384_SetB
,SetB-K3,TATGGCTCGC,CGGTTGAACG,CGTTCAACCG,,NeryLab 384_SetB
,SetB-K4,CCATGACGCA,GAGACAAGGA,TCCTTGTCTC,,NeryLab 384_SetB
,SetB-K5,CCTATGAAGG,AGAATGGAGG,CCTCCATTCT,,NeryLab 384_SetB
,SetB-K6,TCGGCCTATA,CCGGCCATTA,TAATGGCCGG,,NeryLab 384_SetB
,SetB-K7,CGTCTCAAGC,GCGCGAACAT,ATGTTCGCGC,,NeryLab 384_SetB
,SetB-K8,TCCTTGATGG,CCGTAGTTGG,CCAACTACGG,,NeryLab 384_SetB
,SetB-K9,CATACTCCTC,ACCGGCGAAT,ATTCGCCGGT,,NeryLab 384_SetB
,SetB-L1,ACGCAGCCAA,GTCATGTGAA,TTCACATGAC,,NeryLab 384_SetB
,SetB-L10,ATTCGCCGGT,GAGGAGTATG,CATACTCCTC,,NeryLab 384_SetB
,SetB-L11,TGCTGAGTTA,TGCCTGAAGT,ACTTCAGGCA,,NeryLab 384_SetB
,SetB-L12,TGCAATTGGC,GCTTACACTT,AAGTGTAAGC,,NeryLab 384_SetB
,SetB-L13,CAGAACAGAA,CCGAGTCTCT,AGAGACTCGG,,NeryLab 384_SetB
,SetB-L14,ATGCTGCAGG,GTCGATGATT,AATCATCGAC,,NeryLab 384_SetB
,SetB-L15,TGGCACAAGC,CTAACGCCAT,ATGGCGTTAG,,NeryLab 384_SetB
,SetB-L16,ATTCCTCTGG,ACGCGAGTCA,TGACTCGCGT,,NeryLab 384_SetB
,SetB-L17,TTGGTTATCG,TCACACTCTT,AAGAGTGTGA,,NeryLab 384_SetB
,SetB-L18,ACTTGATTGG,CTGTGAAGAA,TTCTTCACAG,,NeryLab 384_SetB
,SetB-L19,GAGGTATATC,GCAATTAAGG,CCTTAATTGC,,NeryLab 384_SetB
,SetB-L2,TGATCAGTCT,TCGGCTATGA,TCATAGCCGA,,NeryLab 384_SetB
,SetB-L20,GAGTAACGTG,TACGCAACGG,CCGTTGCGTA,,NeryLab 384_SetB
,SetB-L21,ACTATTGGTG,GTCCAACCGT,ACGGTTGGAC,,NeryLab 384_SetB
,SetB-L22,TGGAACGTAG,TCCACTGCGT,ACGCAGTGGA,,NeryLab 384_SetB
,SetB-L23,AGTTGACGAA,GCAACAAGTT,AACTTGTTGC,,NeryLab 384_SetB
,SetB-L24,TGTCACCTTA,TTGAGCCTGG,CCAGGCTCAA,,NeryLab 384_SetB
,SetB-L3,TCCTTGTCTC,TGCGTCATGG,CCATGACGCA,,NeryLab 384_SetB
,SetB-L4,CGTTCAACCG,GCGAGCCATA,TATGGCTCGC,,NeryLab 384_SetB
,SetB-L5,TAATGGCCGG,TATAGGCCGA,TCGGCCTATA,,NeryLab 384_SetB
,SetB-L6,CCTCCATTCT,CCTTCATAGG,CCTATGAAGG,,NeryLab 384_SetB
,SetB-L7,CCAACTACGG,CCATCAAGGA,TCCTTGATGG,,NeryLab 384_SetB
,SetB-L8,ATGTTCGCGC,GCTTGAGACG,CGTCTCAAGC,,NeryLab 384_SetB
,SetB-L9,ATTACTGCAC,GCCGCAGATT,AATCTGCGGC,,NeryLab 384_SetB
,SetB-M1,CGATTCACTA,AAGCAGGCTC,GAGCCTGCTT,,NeryLab 384_SetB
,SetB-M10,AGGTTGCTAG,GCCTAAGAAG,CTTCTTAGGC,,NeryLab 384_SetB
,SetB-M11,ATGGCCGTTC,GTGCAGATTA,TAATCTGCAC,,NeryLab 384_SetB
,SetB-M12,AGTTATCCTC,TGTTGCACTA,TAGTGCAACA,,NeryLab 384_SetB
,SetB-M13,TTCACGTACT,CTTACGAGTA,TACTCGTAAG,,NeryLab 384_SetB
,SetB-M14,CTCATCTTAC,CCAGCTATAA,TTATAGCTGG,,NeryLab 384_SetB
,SetB-M15,AGTTCCGAGC,CCTCACAGAT,ATCTGTGAGG,,NeryLab 384_SetB
,SetB-M16,TTAGCTGGCA,TGGCATCTGG,CCAGATGCCA,,NeryLab 384_SetB
,SetB-M17,TCTATGTTGG,CCAACAGATT,AATCTGTTGG,,NeryLab 384_SetB
,SetB-M18,TACTTCTGGT,GTCTTATCAG,CTGATAAGAC,,NeryLab 384_SetB
,SetB-M19,TGCCACACTG,TAGAGTGAGA,TCTCACTCTA,,NeryLab 384_SetB
,SetB-M2,TGTGATGGCA,CGTGTTCTTA,TAAGAACACG,,NeryLab 384_SetB
,SetB-M20,TAAGTGTGAG,CAAGAGGAGG,CCTCCTCTTG,,NeryLab 384_SetB
,SetB-M21,TCCGCTTCGA,TAAGGTTCGT,ACGAACCTTA,,NeryLab 384_SetB
,SetB-M22,ACTGGCGCTA,GCAATCGCAA,TTGCGATTGC,,NeryLab 384_SetB
,SetB-M23,ACCGTAGTGC,TCGTTCGTAA,TTACGAACGA,,NeryLab 384_SetB
,SetB-M24,TAGCTCTTAG,TCGGTGAATA,TATTCACCGA,,NeryLab 384_SetB
,SetB-M3,CAGTACAGGC,GCTACACGAG,CTCGTGTAGC,,NeryLab 384_SetB
,SetB-M4,TCTGCACACT,TCACAGCTGC,GCAGCTGTGA,,NeryLab 384_SetB
,SetB-M5,AGCTTATCAC,TGCTATGCAG,CTGCATAGCA,,NeryLab 384_SetB
,SetB-M6,AGTCGAATTC,TGAACCACAA,TTGTGGTTCA,,NeryLab 384_SetB
,SetB-M7,TTCGTGGTAG,ACCGCTAGCA,TGCTAGCGGT,,NeryLab 384_SetB
,SetB-M8,TCAGGACTCG,CCGCTAGCTT,AAGCTAGCGG,,NeryLab 384_SetB
,SetB-M9,TCGTATATGG,AGACAGTGGC,GCCACTGTCT,,NeryLab 384_SetB
,SetB-N1,TAAGAACACG,TGCCATCACA,TGTGATGGCA,,NeryLab 384_SetB
,SetB-N10,GCCACTGTCT,CCATATACGA,TCGTATATGG,,NeryLab 384_SetB
,SetB-N11,TAGTGCAACA,GAGGATAACT,AGTTATCCTC,,NeryLab 384_SetB
,SetB-N12,TAATCTGCAC,GAACGGCCAT,ATGGCCGTTC,,NeryLab 384_SetB
,SetB-N13,TTATAGCTGG,GTAAGATGAG,CTCATCTTAC,,NeryLab 384_SetB
,SetB-N14,TACTCGTAAG,AGTACGTGAA,TTCACGTACT,,NeryLab 384_SetB
,SetB-N15,CCAGATGCCA,TGCCAGCTAA,TTAGCTGGCA,,NeryLab 384_SetB
,SetB-N16,ATCTGTGAGG,GCTCGGAACT,AGTTCCGAGC,,NeryLab 384_SetB
,SetB-N17,CTGATAAGAC,ACCAGAAGTA,TACTTCTGGT,,NeryLab 384_SetB
,SetB-N18,AATCTGTTGG,CCAACATAGA,TCTATGTTGG,,NeryLab 384_SetB
,SetB-N19,CCTCCTCTTG,CTCACACTTA,TAAGTGTGAG,,NeryLab 384_SetB
,SetB-N2,GAGCCTGCTT,TAGTGAATCG,CGATTCACTA,,NeryLab 384_SetB
,SetB-N20,TCTCACTCTA,CAGTGTGGCA,TGCCACACTG,,NeryLab 384_SetB
,SetB-N21,TTGCGATTGC,TAGCGCCAGT,ACTGGCGCTA,,NeryLab 384_SetB
,SetB-N22,ACGAACCTTA,TCGAAGCGGA,TCCGCTTCGA,,NeryLab 384_SetB
,SetB-N23,TATTCACCGA,CTAAGAGCTA,TAGCTCTTAG,,NeryLab 384_SetB
,SetB-N24,TTACGAACGA,GCACTACGGT,ACCGTAGTGC,,NeryLab 384_SetB
,SetB-N3,GCAGCTGTGA,AGTGTGCAGA,TCTGCACACT,,NeryLab 384_SetB
,SetB-N4,CTCGTGTAGC,GCCTGTACTG,CAGTACAGGC,,NeryLab 384_SetB
,SetB-N5,TTGTGGTTCA,GAATTCGACT,AGTCGAATTC,,NeryLab 384_SetB
,SetB-N6,CTGCATAGCA,GTGATAAGCT,AGCTTATCAC,,NeryLab 384_SetB
,SetB-N7,AAGCTAGCGG,CGAGTCCTGA,TCAGGACTCG,,NeryLab 384_SetB
,SetB-N8,TGCTAGCGGT,CTACCACGAA,TTCGTGGTAG,,NeryLab 384_SetB
,SetB-N9,CTTCTTAGGC,CTAGCAACCT,AGGTTGCTAG,,NeryLab 384_SetB
,SetB-O1,TATAGTCGAC,TCAGCAGAGG,CCTCTGCTGA,,NeryLab 384_SetB
,SetB-O10,AGTGCTAACG,AACGAGCCTC,GAGGCTCGTT,,NeryLab 384_SetB
,SetB-O11,CCTATTGCGG,TCCTTGTCGG,CCGACAAGGA,,NeryLab 384_SetB
,SetB-O12,ATGCAGTTAC,ATGACTGCCG,CGGCAGTCAT,,NeryLab 384_SetB
,SetB-O13,CTACGCACAG,CACTAATCAG,CTGATTAGTG,,NeryLab 384_SetB
,SetB-O14,GAGTTGCCAG,GACATGAGTT,AACTCATGTC,,NeryLab 384_SetB
,SetB-O15,TGCGCCACAA,AACCGAGATT,AATCTCGGTT,,NeryLab 384_SetB
,SetB-O16,CATACTAAGC,CTTAGTTGCA,TGCAACTAAG,,NeryLab 384_SetB
,SetB-O17,AACTTGCCTT,TACACGAAGA,TCTTCGTGTA,,NeryLab 384_SetB
,SetB-O18,GACGACTAAC,CAGGCGTCAA,TTGACGCCTG,,NeryLab 384_SetB
,SetB-O19,CCATCTAGAA,AGCGACAGGT,ACCTGTCGCT,,NeryLab 384_SetB
,SetB-O2,AGCTCTGGCA,CGTAACATAG,CTATGTTACG,,NeryLab 384_SetB
,SetB-O20,GCTTATCGTA,GAAGCAACAA,TTGTTGCTTC,,NeryLab 384_SetB
,SetB-O21,ATTGTTCCAC,GAGTAACCTT,AAGGTTACTC,,NeryLab 384_SetB
,SetB-O22,GAAGTAGCCG,TAACTCGTGG,CCACGAGTTA,,NeryLab 384_SetB
,SetB-O23,CCTCTCCACA,ACGGCTAGAG,CTCTAGCCGT,,NeryLab 384_SetB
,SetB-O24,GCACTGCTGT,GACATGTAGA,TCTACATGTC,,NeryLab 384_SetB
,SetB-O3,TCGTACTTGC,GCTAACGGCA,TGCCGTTAGC,,NeryLab 384_SetB
,SetB-O4,ACGAATAGTC,AAGCTAATGG,CCATTAGCTT,,NeryLab 384_SetB
,SetB-O5,AGACAACACT,ACGCAAGAAG,CTTCTTGCGT,,NeryLab 384_SetB
,SetB-O6,ATGTTACTGC,CAATACCTTC,GAAGGTATTG,,NeryLab 384_SetB
,SetB-O7,TAGGCAACCG,TAGAGGCTTA,TAAGCCTCTA,,NeryLab 384_SetB
,SetB-O8,TTCATGGTGT,CTCATGATGA,TCATCATGAG,,NeryLab 384_SetB
,SetB-O9,TTACCATTCG,AGTAGAGTGT,ACACTCTACT,,NeryLab 384_SetB
,SetB-P1,CTATGTTACG,TGCCAGAGCT,AGCTCTGGCA,,NeryLab 384_SetB
,SetB-P10,ACACTCTACT,CGAATGGTAA,TTACCATTCG,,NeryLab 384_SetB
,SetB-P11,CGGCAGTCAT,GTAACTGCAT,ATGCAGTTAC,,NeryLab 384_SetB
,SetB-P12,CCGACAAGGA,CCGCAATAGG,CCTATTGCGG,,NeryLab 384_SetB
,SetB-P13,AACTCATGTC,CTGGCAACTC,GAGTTGCCAG,,NeryLab 384_SetB
,SetB-P14,CTGATTAGTG,CTGTGCGTAG,CTACGCACAG,,NeryLab 384_SetB
,SetB-P15,TGCAACTAAG,GCTTAGTATG,CATACTAAGC,,NeryLab 384_SetB
,SetB-P16,AATCTCGGTT,TTGTGGCGCA,TGCGCCACAA,,NeryLab 384_SetB
,SetB-P17,TTGACGCCTG,GTTAGTCGTC,GACGACTAAC,,NeryLab 384_SetB
,SetB-P18,TCTTCGTGTA,AAGGCAAGTT,AACTTGCCTT,,NeryLab 384_SetB
,SetB-P19,TTGTTGCTTC,TACGATAAGC,GCTTATCGTA,,NeryLab 384_SetB
,SetB-P2,CCTCTGCTGA,GTCGACTATA,TATAGTCGAC,,NeryLab 384_SetB
,SetB-P20,ACCTGTCGCT,TTCTAGATGG,CCATCTAGAA,,NeryLab 384_SetB
,SetB-P21,CCACGAGTTA,CGGCTACTTC,GAAGTAGCCG,,NeryLab 384_SetB
,SetB-P22,AAGGTTACTC,GTGGAACAAT,ATTGTTCCAC,,NeryLab 384_SetB
,SetB-P23,TCTACATGTC,ACAGCAGTGC,GCACTGCTGT,,NeryLab 384_SetB
,SetB-P24,CTCTAGCCGT,TGTGGAGAGG,CCTCTCCACA,,NeryLab 384_SetB
,SetB-P3,CCATTAGCTT,GACTATTCGT,ACGAATAGTC,,NeryLab 384_SetB
,SetB-P4,TGCCGTTAGC,GCAAGTACGA,TCGTACTTGC,,NeryLab 384_SetB
,SetB-P5,GAAGGTATTG,GCAGTAACAT,ATGTTACTGC,,NeryLab 384_SetB
,SetB-P6,CTTCTTGCGT,AGTGTTGTCT,AGACAACACT,,NeryLab 384_SetB
,SetB-P7,TCATCATGAG,ACACCATGAA,TTCATGGTGT,,NeryLab 384_SetB
,SetB-P8,TAAGCCTCTA,CGGTTGCCTA,TAGGCAACCG,,NeryLab 384_SetB
,SetB-P9,GAGGCTCGTT,CGTTAGCACT,AGTGCTAACG,,NeryLab 384_SetB